Appliances,lights,T1,RH_1,T2,RH_2,T3,RH_3
50,0,22.73,41.2,19.8567,45.4667,24.3567,38.79
70,10,25.1,32.6333,27.272,26.85,25,36.29
50,0,21,37.76,18.5667,38.9633,21.1,35.2
50,0,21.7,42,18.79,45.79,23.6,39.4
50,0,22.89,39.29,20.772,39.7,24.4371,37.5643
50,0,22.7,40.29,21.89,39.3633,20.89,42
140,0,20.79,37.9567,18.1333,38.6,21.6,35
40,0,19.79,36.86,16.5,41.76,20.29,37.59
50,0,19.39,41.3633,18.26,41.5,19.7,40.7
60,0,20.1667,46.9933,19.2,43.76,19.89,44.79
110,10,22.29,43.06,21,42.2,21.8837,44.5162
30,0,21.2,44.8267,19.7,45.1267,21.79,43.2
90,10,22.1333,43.9967,20.39,41.99,21.4633,41.0267
60,0,24,43.59,21.8233,46.1267,25.0333,40.4
60,0,19.4267,37.03,16.29,41.79,20,37
80,10,19.4267,45.29,19.1667,44.36,19.3233,43.9667
60,0,21,40.4333,18.5,44.23,21.6,38.1633
890,20,19.73,37.8633,18.5667,34.09,18.39,36.8633
50,50,21.7,46.59,20.7,45.9633,22.3233,44.3633
110,0,25.6333,31.1333,26.7,27.5667,25.2,36
320,0,20.4267,43.3633,19.4267,43.23,20.29,44.09
130,0,20.1,37.66,20.23,36.2233,20,36.29
50,0,21.39,39.79,19.5667,40.9333,21.5,40.7
90,0,20.39,44.09,20,43.29,19.9633,43.8633
40,0,21,35.845,18.39,36.9,20.89,35.5
340,0,18.29,38.59,17.39,38.5,18.5,39.23
40,0,20.89,34.4667,21.6,32.9667,21.3233,34.29
110,0,23.5667,39.1633,21.5333,39.59,23.5333,38.53
70,0,21.2,38.79,18.5,42.9,22,36.9
50,0,21.6,44,20.2,44.56,22.1,44
40,20,21.5,41.2,19.1,45.2,21,39.09
50,0,20.1,34.4333,17.23,37.6267,22.1,35.2
390,40,21,47.0633,20.5333,45.6333,20.5333,45.59
40,0,22.1,35.8633,19.1,38.1267,22.6,35.8633
50,0,20.39,36.6267,18.6,37.29,20.39,37.2
80,20,21.6667,42.3633,22.7,39.2,22.89,38.7
100,10,20.6,37.6,18.6333,40.6267,21.39,35.09
60,0,22.1,40.745,19.6,43.9,22.8233,39.6267
60,0,22.8233,39.5,21.8233,39.1267,21.29,43.6267
90,0,20,38.4,18.5,39.3333,20.6,37.43
60,10,22.6,43.2233,21.5333,43.2233,25.4267,37.56
100,0,22.945,42.1175,21.9633,40.59,23.39,39.6267
270,10,21.89,44.5633,19.5667,47.4,24.0667,41.83
330,0,22.6,37.1333,21.2,36.79,23.2,35.29
110,30,22.6,43.16,21,42.4267,22.89,39.6267
60,0,20.79,36.76,19.2,37.59,20.5,35.9667
50,0,23.6,41.3633,24.5,36.59,24.5667,38.7
120,0,24.7,40.7,23.4267,39.1267,25.39,38.5
60,0,19.79,46.09,19.2,44.9,19.7,44.6267
60,0,20.1,43.8267,19.39,42.7,19.79,44.2
90,0,21.1,33.5,19.6667,32.73,23.6667,36.3333
50,0,21,37.7,18.39,40.3633,22.6,36.8267
300,0,22.9633,39.03,22.39,38.09,23.0667,40.8667
120,0,21.89,43.23,20.73,42.79,22.4633,41.56
130,20,21.5,40.7967,20.445,39.245,23.075,39.2
80,10,22.29,39.59,20.5,41.4633,22.2,38.03
100,0,20.5667,34.4,19.39,32.76,21.9267,36.4933
150,0,20.89,38.99,20.39,37.1267,20.7,39.06
50,0,22.89,39.7,20.39,41.718,25,37.7
200,10,20.9633,42.9633,20.23,42.2,20.39,41.59
140,20,22.1,43,20.5,44.29,23.0333,39.4333
30,0,21.29,38.26,18.5,41.2,22.39,37.73
50,0,21.1,39.59,19.29,41.8267,21.89,37.79
40,0,22.79,40.1633,22,39.26,21,41.9
200,0,19.7,36.09,17.6667,36.8333,19.8614,37.3971
210,0,24.1,31.73,24.1667,28.73,23.6,34.03
50,0,21.39,41.73,18.89,45.2,23.1,39.8267
340,0,24.29,34.6633,25.5,30.2,24,35.36
60,0,22,39.6333,23.5667,35.4,22.55,38.7
50,0,20.9267,37.7,18.29,40.59,22.6,36.9
120,10,17.39,37.1633,16.39,37.1267,17.79,37.2
60,0,24.2,41.5,25.7,35.5643,26.5,37.56
40,0,19.5,40.76,18.0667,40.8633,20.1667,40.3633
60,0,19.39,37.53,17.4633,40.09,20.2,35.79
60,10,22.5,42.3633,21.7,41,24.76,36.9333
290,0,21.2,37.5267,18.89,39.4333,22.7633,37.3
330,50,18.6,42.2333,18.1667,39.4633,19.46,43.73
30,0,21.29,38.1633,22.3233,36.99,21.79,36.5
60,20,22.6333,44.73,22.1,43.4333,22.29,45.2
40,0,20.8233,33.53,18.5,35.0267,22.6,35.09
50,0,21.73,38.6267,18.2,43.1333,22.39,37.5
110,30,23,44.2,22.39,42.59,22.39,44.3878
240,30,20,40.03,18.39,40.9,20.5,38.7
100,10,20.76,40.1233,19.39,36.93,20.7,36.0667
70,0,20.89,40.8267,18.39,44.5,21.79,38.1633
50,0,18.39,43.09,17.4267,43.8267,19.1,42.3633
40,0,20.2,37,18.0667,39.56,22.1,34.09
50,0,21.8233,35.53,18.9175,37.5225,22.2,35.73
230,0,20.0333,38.1267,18.5,38.9667,20.6,37.23
120,0,24.89,53.03,23.89,52.59,26.29,46.06
420,10,23.9633,47.66,23.0667,42.5267,25.23,44.76
90,30,25.39,39.1267,26.39,34.8633,26.5,37.7643
600,0,19.1,34.59,18.7,33.8633,19.23,35.23
120,30,22.39,46.8,22.1,44.4,22.1,46.09
70,10,21.39,33.6633,20,34,20.1,35.59
20,0,21.29,46.5267,20.39,45.2,21.9328,44.3328
180,0,21.9633,39.26,21.39,37.6633,21.89,41.3267
60,0,22.6667,39.76,20.4725,42,22.7,39.4
20,0,20.29,37.2,17.5,40.5,20.79,37.56
50,0,21.0667,46.1333,19.89,46.6633,21.7,42.9333
460,0,24.9633,36.26,23.5,32.2829,23.6,31.1567
60,0,23,34.8633,21,35.2233,23,36.09
110,30,21.7,44.29,20.26,44.8633,21.79,42.76
40,0,20.5,35.5,18,37,20.7,38.5
50,0,22.6,38.9333,21.7,37.6633,24.1667,36.5
70,0,24.29,39.2233,25.4975,36.14,26.26,37.03
60,0,21.89,39.7,23.1,36.7,22.2,37.9
90,10,18.26,39.8333,16.89,39.26,18.5,38
100,0,21.89,42.6967,20.29,42.9,22.79,38.9
100,0,22.1667,38.4333,20.6,38.4,21.5,38.8633
70,0,25.4633,50.53,25.4514,48.6371,26.175,45.855
40,0,18.6,43.29,17.6333,44.03,19.4267,42.7
110,20,22.73,37.2233,19.9633,40.0967,22.5,35.3267
50,0,22.79,33.43,21.39,33.2,21.6,34.79
20,0,21.5,38.7,19.2,41.6633,22.2,37.29
60,0,20.39,43.9233,19.29,41.8633,20.5,41.4333
70,0,21.89,42.4333,19.8267,47.0567,23.4267,38.4
50,0,22.39,38.6267,22.7,36.59,22.29,37.9
60,0,24.7,47.79,22.9843,49.9857,26.2257,42.9714
60,0,22.6,39.79,21.7,38.1633,24.1,36.73
110,0,24.1016,48.8713,25.1,43.3324,26.208,43.0981
40,10,19.39,37.2233,16.2,41.6267,20.5667,37.9
50,0,19.6,37,16.39,41.2,20.5,37.9
60,0,21.7,38.79,18.89,42.59,22.39,38.23
160,0,20.1,39.8333,19.7,34.2667,19.7,36.1
130,10,19.36,44.5667,19.1667,40.73,21.76,46.6233
50,0,18.29,43.09,17.29,43.76,19,42.2
530,20,21.5,33.7567,19.5,33.16,23.2225,35.42
50,0,22.0667,39.4333,23.5,35.3267,22.6,38.7
470,20,20.365,40.8925,19.26,41.39,20.5667,44.39
40,0,19.6,43,18.89,42.645,19.79,44.5
60,0,22.5,39.06,20.2,40.1267,25,36.5
100,10,21.5,40.7667,23.26,37.4267,22.39,38.4
50,0,23.79,40.29,21.2,42.79,25.39,39.9
70,0,21.9267,39.9633,19.5,43.3267,23,39.26
40,0,20.9633,40.6633,19.39,40.2,20.29,40.09
120,0,22.1,38.2667,21.26,35.99,22.4633,40.4333
90,20,22.5,45.03,21.6,44.5,21.9267,44.53
40,0,19.89,35.73,18,36.9667,20.29,34.7
300,0,22.89,37.8633,22.39,35.3633,26.79,36.2933
50,0,19.9267,45.5,19.29,44.6633,20.5,44.29
60,0,21.29,38.76,19.23,41.8633,22,36.9
50,20,22.2,40.4,19.89,42,22.79,38.59
100,0,22.39,44.99,22.1,43.1333,22.29,43.8817
40,0,20.29,40.29,18.6,41.4667,21.39,40.7
60,0,22.8567,40.76,20.39,43.7,24.66,37.46
60,10,20.7,41.09,19,41.29,20.2,41.59
40,0,19,47.23,18.39,47.03,19.79,45.5
40,0,23,38.1633,21,39.3633,22.2225,37.59
50,0,19.1,38.73,17.5,40.6633,20.6,38
50,0,20.39,35.8,18.79,35.73,19.9529,36.8843
70,0,22.2,40.9333,20.7,41.59,21.5,40.9333
60,0,21.29,35.7,18.29,38.1633,22.1,35.9333
60,0,21.6,37.09,18.8233,40.2,22.89,37.2
80,20,20,38.1675,19.1,37.8967,19.79,38.09
50,0,18.6,40.5,17.1333,41.03,19.1,39.73
70,0,20.1,39.6633,19.445,39.6,20.5,38.5
60,0,22.2,40.9,19.73,43.79,22.79,39.7
100,0,23.5,46.6267,21.73,47.4667,25.1333,40.79
350,0,22.1333,45.5667,19.9267,49.09,24.8567,40.8333
60,10,21.6,35.4,18.76,37.4,21.39,34.9333
120,30,21.6,44.595,20.2,44.7667,21.79,42.79
50,0,19.6,46,18.76,46,19.89,45.29
60,0,22,35.9,19.5,38.26,21.89,35.59
70,0,25.2,32.7,27.2,27.776,25,36.2
50,0,20.1,35.7,18,37.6633,19.9725,37.7
360,0,19.76,41.6233,18.23,39.1967,21.1333,39.6567
100,0,20.7,38.6567,19.39,38,21.9267,38.1567
30,0,18.7,42.29,18.1,41.59,19.7225,43.3725
60,20,20.7,44.73,19.79,42.5,21.29,42.4
30,0,22.1,38.4333,19,43,23.1,38.2233
100,0,21,38.6933,18.6,39.5633,21.6,35.59
70,0,22.1333,42.09,21.4633,40.4667,22.6,43.29
110,40,23.29,39.93,22.1,38.4667,22.79,44.5
50,10,18.26,39.7233,17.3567,38.8633,18.5333,40
60,0,20,35.03,16.39,40.23,20.1,36.9
50,10,21.7,39.1267,22.39,36.4333,22.15,37.09
30,0,19.5667,38.4333,19,38.06,18.6333,39.59
40,0,20,36.2,18.1,37.5,20.16,38.2
50,10,19.9633,38.0667,20.6,35.7,20.1333,37.2
50,0,20.6,43.09,19.5,43.29,20.5,44.4
60,0,21.9633,43.1633,19.7,45.23,23.1333,39.59
290,0,21.39,41.16,19.89,38.4,22.5333,38.4267
40,0,18.89,46.1175,18.39,45.7,19.65,44.545
490,0,24.9267,32.1267,23.6,30.7257,23.4633,30.5633
40,0,21.79,41.9333,19.6,46.3333,22.2,38.5
50,0,23,47.495,22.0667,48.3633,24.89,42.26
100,0,19.7,33.8175,17.9975,34.32,19.89,35.9286
30,0,20.2,37.2,19.23,36.79,19.29,39.8267
80,0,21,44.9333,20.39,43.59,21.6,43.59
40,0,20.2,38.6,18.5333,38.3633,20.3567,36.09
30,0,20.1333,35.09,19.3233,34.3633,19.6,34.3633
270,0,20.79,38.5725,19.7563,38.1475,20.675,38.1587
50,0,18.6,39,17.23,39.4333,18.89,39.145
140,30,22.29,46.36,21.39,45.53,21.9633,45.23
50,0,21.0333,41.1267,19.2,43.5,21.7,38.5
80,10,20.73,36,19.39,36.29,19.956,36.4
30,0,18.7,42.29,18.1,41.59,19.7,43.29
60,0,23,41.95,21.4267,42.73,23,39.5
50,0,18.5333,42.4,17.89,41.6267,19.7,43.2
50,0,20.7675,40.09,19.1,41.5,20.6,38.59
60,0,22.1,43.79,19.6,47.5,24.7,41
60,0,21.6,44.5,19.89,46.59,23.1,41.79
60,20,21.39,42.3633,19.7,42.76,21.1,41.29
40,0,20.5,39,18.6,40.2,21.29,38.6633
430,0,22.6,36.3267,20.9267,36.79,22.6,35.4333
50,0,25.2,39.7,23,41.23,25.6986,34.3843
70,0,22.5,35.29,20.0333,36.2,22.39,35.59
50,0,20.29,36.1633,16.7,41.79,20.5,37.4
140,0,23.1,39.6933,20.9267,39.8,23.6,33.4
120,10,25.5,49.6267,25.1,47.2129,26.3186,45.7257
30,0,20.4267,43.4,19.5,43.09,20.29,44.4
50,0,23.79,37.7,21.7,39.09,24.5,38.09
60,20,22.1333,40.4667,19.8567,42,22.79,38.6267
60,0,21.7,39.7225,18.26,45,23.73,38.4
50,0,20.79,37.2233,20.1,36.5667,20.3233,40.4333
60,0,24.9633,47.8267,23.5,48.3686,26.39,43.7
60,0,25.1,38.53,27.1667,31.9267,26.16,38.236
60,0,20.5667,35.1267,19.7,34.73,20.1,35.4
50,0,22.5,40.29,21.6667,39.56,20.8567,42.06
50,0,21.1,39.09,19.5,40.73,21.89,37.5
100,0,21.29,40.4,19.5,39.7,21.2,38.8267
70,0,23.5,33.79,22.0667,33.03,23.1,35.4
50,0,20.79,37.2,18.1667,40,21.26,37.8633
470,0,20.79,40.4,19.39,38.79,21.8567,39.2667
60,0,22.5,44,20,47.2,24.7,40.9667
50,20,21.39,42.56,19.7,43.06,21.1667,41.29
140,0,26,38.79,25.1667,36.7233,28.376,34.196
50,0,20.26,43.6633,19.79,43.06,20,44.2
40,0,18.3233,42.4,17.6333,41.73,18.29,43.53
70,0,22.6667,37.9,21.7,37.6633,22.89,38
70,0,20.89,35.8333,17.89,39.4,21,35.29
40,0,21,37.1267,17.76,41.8267,22.2,34.59
60,20,21,37.4,18.6,39.2667,21.1,36.9
50,0,21.79,44.5,20.26,46.3633,23,41.76
60,0,22.5667,39.06,20.23,40.03,24.9267,36.4
90,20,22.1,41.8633,21.1333,41.4,21.6,43.4
50,0,20.39,36.1933,18.79,35.8633,19.89,36.9
60,20,21.1333,44.96,20.5,43,23.0889,45.0667
70,20,22.15,44.59,21.6,42.79,21.79,45.5
80,0,23,34.9333,23.1,32.76,23.1,35.4333
50,0,22.5,41.5,20.5333,43.56,23.39,39.79
60,0,21.5667,44.56,19.73,46.59,23.0333,41.6267
100,0,21.9214,36.8371,20.5429,37.2,21.2,37.1686
90,0,20,46.5667,19.6,45.29,19.89,45.2
100,0,21.1667,40.1567,23.79,33.5967,22.39,35.06
280,0,19.23,39.2667,17.65,39.2,20.03,39.8333
60,0,19,41.29,18.39,40.6267,19.2,42.79
50,0,20.7,43.6267,19.39,44.6267,21.79,42.2
50,20,21.29,47.29,20.39,47.29,21.6333,46.7
50,0,24.6,44.79,22.26,46.4667,26,43
100,0,22.1,42.4333,20.7,43.3267,23.6,38.29
80,10,21.89,39.26,20.89,38.6633,20.8567,41.3633
50,0,21.29,38.9,18.89,42.29,22.1,37.29
70,0,21.39,43.4667,20.6333,42.36,22.6,42
60,0,24,31.0667,24.29,27.8567,23.5,33.79
60,0,25.5,39.5,23.6667,40.26,25.7,34.2329
40,0,19.89,45.4,19.2,45.03,20.4267,44.23
90,0,21.73,39.2,18.9633,43.4,22.9267,39.09
70,0,21.39,46.03,20.79,45,21.6,44.5
70,0,21.2,41.7,20.6,40,22.4633,43
50,0,20.3567,40,18.7,41.5,20.79,38.79
510,0,21.23,34.2,19.39,33.5667,23.26,34.76
60,0,20.7,35.59,18.7,37.29,19.79,37.09
50,0,20.7,37.7,18.89,38.4975,22.0286,36.4286
50,0,21,40.29,18.39,44.2,21.89,38.09
110,0,20.9057,38.0114,19.4371,37.5543,22.2386,36.4429
40,0,21.7,35.2,19,37.79,22.89,37
60,0,24.39,39.09,22.6,39.9667,25.7,38.79
80,20,21.29,41.29,18.2,46.8633,20.76,38.4667
190,10,23.9267,51.4333,23.1,43.03,25.3567,44.9
50,10,22.2675,38.1725,26.1333,30.9667,23.1,35.4
40,0,19.1,41.1267,18.5,40.1267,19.29,42.56
40,0,22.2,42.09,24.29,37.4333,23.1,39.09
80,10,18.39,43.76,17.7,42.6267,19.5,43
40,0,20,36.9,17.2,40.3267,20.29,37.2667
50,0,19.29,42.09,18.6333,41.3267,20.26,43.6333
40,0,17.79,40.59,16.76,41.1267,18.1,40.03
320,0,19.2,34.9,18.9633,33.59,19.7267,36.6
40,10,21.29,47.3267,20.39,47.29,21.6333,46.7
40,0,21.2,39.4,18,44.2,22.5,39
50,0,22,36.7,19.2,39.59,21.79,36.4667
40,0,21.79,39.9,20.89,39.53,20.5,41.7
40,10,21.2,41.79,18.1,46.8333,23.3567,38.8333
100,20,20.2,39.0667,18.36,40.3,20.3567,38.59
80,10,18.2,38.03,16.9633,39.5667,18.39,37.79
50,0,23.1,42.4,22.39,41.2,23.5,42.8725
100,0,20.89,33.59,19.2225,33.8175,20.2,35.4
770,0,22.8233,48.7633,22.39,39.8,23.29,39.23
110,20,22.6,43.1633,21.29,43.7,22.29,42.5
90,10,20.7,35.8267,22.26,32.9567,21.39,34.7
70,0,21.8567,38.1933,23.8567,32.56,22.39,36.29
60,0,20.79,43.2,19.1,44.7,21.79,42.76
50,0,22.2,46,21.29,45.7,23.2,46
80,0,22.5,37.36,20.5,39.69,22.79,37.09
40,0,22.0667,43.6633,21.29,43.4,22,44.9
410,10,20.89,36.7,18.39,39.5,21.3267,37.1
340,20,23.2,39.3333,22.5,38.9667,21.29,41.9
110,10,22.7,31.9633,21.79,29.96,24.3567,38.3267
50,0,21.2,38.26,18,42.1633,21.89,36.5
530,0,21.1333,43.3933,18.7,45.5667,22.4967,40.3333
60,0,20.89,37.5667,19.0933,40.2933,22.1,35.8175
40,0,21.2,42.09,20.4633,41.76,22.1944,43.8572
60,0,19.5,37.2,17.79,38.76,20.79,37.09
130,10,21.7,36.1633,21.2,34,22.4267,34.9333
250,0,20.7,33.76,19,35.1633,20.2,34.59
120,30,22.89,41.1633,22.2,40.23,21.79,42.73
90,30,19.4267,39.09,17.9267,40.5267,19.79,37.4333
70,10,20.79,35.3633,21.9633,31.6333,21.5,35
320,0,25.0667,48.7,28.76,38.2,27.296,43.42
90,0,23.4633,38.79,21.29,40.29,26.0714,38.8971
560,10,20.5667,40.6267,19.5,40.6333,20.93,46.6267
80,0,20.79,42.3633,20.1,40.2,21.5667,40.9
40,0,19.4267,42.1267,18.89,41.29,20.6667,44.43
270,0,23.1,39.0267,22.4633,38.03,23.3267,41.4
50,0,21,44.23,20.4267,43.4333,20.39,43.545
80,0,22.7,39.29,21.79,38.06,24.1,36.79
40,0,23.7,35.4,20.39,38.1843,24.2,36.29
60,20,22.7,44.0267,21.29,43.4667,23.1,40.76
60,0,21.79,44.29,20.5,44.4,22.0333,44.03
50,0,21.39,39.29,18.79,43.03,22.4633,38.4667
210,10,19.7,38.5267,19.29,37.53,19.29,39.7667
30,0,21.7,37.5,19.7,37.0667,22.5667,36
50,0,19.39,46.3267,18.65,46.3,19.8233,45.23
50,0,21.1,36.09,18.5,37.06,20.89,35.4333
40,0,22.76,39.59,20.29,42.29,24.272,36.9
70,0,21.1667,36.3267,19.5,36.7,21.29,35.9
50,0,20.89,35.79,19.1667,36.4,20,37.518
50,0,22.9633,41.09,22.4633,40.7667,24.29,38.4
50,0,22.8567,45.9667,21.1,48.26,25.1,42.2
60,0,21,39.9333,19.1,41.3267,21.39,40.8267
60,20,21.79,42.3333,22.7,39.09,23,38.7
60,0,20.23,38.2567,17.7,40.53,23.0333,35.2267
110,10,22.5,33.26,21.29,32.36,23.5667,35.7
120,0,23.0333,40.1667,21,39.1933,23.6,32.9975
30,0,21.5,36.29,18.1667,38.9633,22.5,36.06
50,0,22.1,44.3267,21.23,43.53,21.8733,44.275
40,0,19.29,37.7,17.1667,39.9667,20.1,37.4
90,0,22.39,39.9333,22.6,37.425,23.1,38.045
70,0,24,45.09,21.6,47.9,25.5,41.0967
160,0,21.39,40.03,18.7,44.59,22.89,37.2
120,10,22.79,36.26,21.29,36.6933,22.89,37.5
60,10,21.2,44.9,19.7,45.0667,21.89,43.4333
60,20,21.39,41.4,18.5,46.79,20.79,38.59
30,20,22.1,44.59,21.5,42.79,21.745,45.4167
90,10,21.29,37.5267,20.89,35.73,21.6,37.5
60,0,20.1,35.79,17.23,38.8267,21.7,34.4
30,10,21.1,38.9,18.8567,39.93,21,39.73
60,0,22.0333,36.73,19.23,39.59,21.79,36.4
60,0,25.2,48.06,27.1,41.0529,26,44.98
90,0,21.7,40.0667,21.1,38.9667,22.5,38.56
60,0,23.6,30.4,24.76,26.0667,23.1,32.7
60,0,24.79,47.8267,24.6286,46.1214,26,43.79
40,0,21.2,39.9333,18.2,44.73,23.39,37.9667
80,0,21.79,40.36,20.29,41.23,21.2,40.4333
60,0,21.39,38.0667,19.79,37.4667,22.6667,36.3333
80,0,22.1,36.1267,20,37.23,22,35.4
90,0,20.9686,37.78,19.6857,37.2643,22.39,36.59
70,0,23.5,40.6633,24.1,36.79,24.39,38.5
70,0,20.89,35.9333,18,39.4667,21,35.29
110,0,22.39,44.6967,22,41.06,22.5,42.1725
50,0,21,40.9,18.0667,45.1633,23.1,39.79
50,0,21.2,35.79,18.1,38.73,20.1,36.3633
50,0,21.79,35.2,18.3567,39.09,23.29,35.03
100,20,21.2,42.4,20.7,41.4,20.5,41.79
60,0,24.6627,49.8955,24.227,47.7891,26.8945,44.1727
50,0,22.2,35.8975,23.4633,31.3567,22.2,36.73
50,0,23.7636,41.1645,22.6323,41.6818,24.9709,38.9045
60,50,19.8567,45.56,19.2,44.5,19.73,44.9
100,20,21.3233,42.7233,19.6333,41.9,20.8567,42
90,10,20.79,42.9,19.86,42.5267,20.4633,41.6633
40,0,22.6,39.2,20.1667,41.6267,22.29,38.9
50,0,24.7,39.5,27.89,32.5,26.2,37.4
50,0,22.8567,39.3633,20.7,39.9333,24.5,37.7257
30,0,18.89,46.2,18.2,45.53,19.6,44.4333
50,0,20.79,43.26,18.89,46.29,21.6,39.8267
40,0,21,37.4,19.1333,37.7,20.89,38.73
50,0,24.1,44.79,22.5,44.92,26.76,40.03
50,0,22.89,41.4,20.89,43.218,24.7,40
90,0,23.39,34.93,23.4843,32.9957,24.2,35.09
60,0,21.1,37.59,18.1,39.9,21.89,36.29
140,20,21.9267,41.86,20.1,40.3,20.79,39.09
60,10,20.1,35.56,17.7,37.3633,20.7,35.8633
60,0,20.6,42.7,19.6,42.8267,20.6,45
100,0,22.1,35.79,19.76,37.4333,22.4633,33.9667
50,0,20.5,40.6267,18.89,40.4,20.29,40.5
50,0,19.89,35.09,17.9267,36.1267,20.5333,36.7
70,0,21,43.7,20.39,42.4,21.9267,45.9333
50,0,20.8233,43.23,19.73,43.2,20.29,44.29
60,0,20.79,36.29,18,39.6267,22,36.7
70,20,21.29,43.29,21,41.6633,20.79,42.2
60,0,24,44.9,22.3186,45.4,26.7,40.29
50,0,21.5143,36.09,19.5,37,20.8186,38.0643
50,0,19.29,39.9333,18,40.2,19,39.5
60,0,19.79,44.2,19.23,43.9,20.1,44.2
60,20,21.29,39.9333,18.5333,43.79,22,38.29
70,0,18.39,43.7,17.7,42.59,19.4633,42.9
70,0,22.7,40.8,22,39.3,23.1,38.26
50,0,21.5,41.59,18.5,45.6633,23.65,39.5225
80,0,22.5,41.1633,22.5,38.9667,23.2,38.8633
30,0,20,35.6267,17.7,37.1633,20.5,35.1267
50,0,19.89,35.4,16.7,40.23,20.0667,36.4667
40,0,19.79,41.23,18.2,41.7,19.89,40.79
70,10,21.89,39.9,20.26,40.59,21.39,40.59
260,0,23.6333,40.49,22,39.36,23.79,39.09
60,0,21.7,44.2,20.29,44.4667,22.1,44
70,0,22.6333,39.6633,21.79,38.26,24.1667,37.2
30,0,21.1,37.4,19.26,37.6633,20.89,38.59
70,20,20.6667,38.96,19.2267,40.2933,21.39,35.26
100,20,22,53.0667,21.5667,45.9667,22.08,46.678
60,0,24.29,38,22.9633,37.9333,24.7,37.73
60,0,20.6,39,18.73,40.2,21.23,38.59
60,0,20.2,35.2,18.2,35.95,20.6,36.59
50,10,21.5,44.36,19.79,46.53,23.1,41.7
50,0,19.8567,44.3333,19.29,43.9,20.1333,44.2
30,0,18.79,46.5,18,46.5,19.7,45
60,0,23.79,35.06,20.8043,37.1657,24.2,35.4
20,0,20.29,37.2,17.5,40.4475,20.865,37.5675
60,0,24.2896,38.1899,23.3949,36.4805,24.8774,37.1513
380,10,19.5,40.66,18.36,37.79,20.1333,38.8333
40,0,21.2,36.23,18.6,39.3267,20.1667,36.4667
100,0,22.1667,35.79,19.8567,37,22.5,33.79
60,0,24.5127,52.2025,23.6622,51.2546,27.2275,46.0027
50,0,20.39,43,19.79,41.1633,20.89,41.79
60,0,21.39,35.7,18.39,38.09,22.39,35.8633
100,10,21.29,43.53,20.73,41.3267,21.5,43.6633
80,0,24.8567,33.13,28.0375,27.4062,24.89,36.4
50,0,21.7,36.9,18.79,40,21.7,36.59
80,10,22.79,39.6633,20.26,40.76,22.7,37.76
20,0,19.7,41.2,18.1,41.79,19.79,40.6633
40,0,21.39,39.9667,18.4633,44.3633,22.7,39.09
140,0,22.3233,46.4233,22.315,43.4,24.9633,42.39
60,0,23.39,37.89,21.89,37.59,24.29,35.9714
60,0,20.9267,37.7667,18,41.43,21.89,36.4667
290,0,20,34.4667,17.0967,38.1333,20.2,36.0267
40,0,22.34,43.4,21.6,43,21.7,44.73
60,0,19.79,46.03,19.2,44.9,19.7,44.7
50,10,21.1,33.3267,20.2675,32.8725,20.445,34.245
120,20,25.6,42.7,25.6,38.73,26.6,38.59
40,0,19.29,37.03,17.1,39.7,19.79,38.9667
40,0,18.39,38.79,17.4267,38.8267,18.5,39.29
50,0,18.89,40.06,17.39,40.7,19.39,39.8633
80,20,25,40.09,27.6,33.3633,26.29,37.7
50,0,21.5,34.1567,20.39,33.9667,20.79,34.23
40,10,19.5,37.7,17.39,40.0667,20.39,36.09
50,0,23.39,36.7633,20.4057,39.3129,24.29,36.7
40,0,21.29,37.56,18.39,39.9667,21.1,37.79
50,0,20.6,36.9333,19,37.76,20.5,36
110,0,22.79,39.5667,21.372,40.276,24.6,37.4
80,0,22.0333,38.9333,23.3233,36.2233,22.89,37.7
80,0,21.0333,39.6633,20.3233,40,21.89,37.5
200,40,21.73,46.4667,20.8567,46.1633,22.8567,45.1667
40,0,20.89,41,17.89,44.73,23,39.5
50,30,22.6,39,20.4633,41,22.5,38.1267
70,0,16.79,45.7,16.1,45.5,17.315,43.1175
50,0,22.1,41.59,19.7,45.06,24.2,39.79
20,0,19.29,46.59,18.5333,46.4,19.84,45.245
70,0,22.6,38.03,21.7675,37.925,22.9633,38.09
60,10,20.89,36.4,18.1667,39.9333,22.1,34.4
230,0,21.0667,38.79,21,35.86,21.5333,36.3633
60,0,22.39,40.9,19.26,45.9,24,38.7
90,0,22.6,42.53,20.0333,44.03,24.2,39.2
80,0,25.5,50.9667,25.5286,48.3243,26.2,46.634
80,30,22.89,44.93,21.9175,45.0112,24.5,40.2
50,0,20,35.7,17.79,37.59,20,37.754
130,20,22.7,47.33,22.2,44.3633,21.73,47.2
40,0,25.29,48.5,23.54,49.576,26.6,44.56
70,0,24.79,48.6633,26.6725,43.9075,25.37,44.796
100,30,22,40.5267,20.4267,41.59,22.2,38.2
50,0,21.1,35.79,17.9267,38.9,20.2,36.4
50,0,21.2,39.59,21.0667,39.53,22,37
120,30,23.29,40.39,22.1,38.6267,22.79,45
50,0,18.7,45.9667,18.3233,45.1633,19.1,43.7
140,20,24.6667,38.59,24.1,36.5,24.7,37.09
280,0,21.89,36.0267,21.0333,35.5267,23.9267,34.3633
70,0,25.29,46.9667,25.39,44.236,26.79,42.09
90,0,22.1,37.23,19.79,39.3333,21.2,37.53
70,0,23.3567,39.56,20.5,42.93,23.73,37.59
380,0,21.39,39.23,21.86,38.8333,21.9267,37.5
30,0,19.2,40.9333,18.5,40,19.29,42.5
50,0,19.8567,43.9,18.89,44.2,20.2,44.29
50,0,23.2,41.0225,20.7386,43.79,24.6,39.4
100,0,20.89,35.03,19.4633,33.6567,20.79,35.03
50,0,25.29,48.59,23.6,49.4,26.6,44.59
70,0,17.89,35.73,16.7,37.1267,18.2,37.4
160,0,22.29,47.4267,21.73,41.3333,22.4267,41.6933
60,0,22.39,38.79,19.6667,42,22.23,37.8267
100,0,25.5667,48.4333,28.2,39,28.236,43.254
50,0,23.1,45.4,21.39,46.9667,24.89,42.2
40,0,23.5667,37.7,21.5,39.2,24.6333,38.23
50,0,21.29,37.5,19.4633,37.29,20.79,38.56
220,0,20,46.2233,19.5,45.1633,19.89,45.2
80,0,24.79,48.4,25.41,46.6843,26.1,43.09
60,0,21.6,37.29,18.5,41.4667,22.1333,36.9
130,0,23,39.03,21.29,39.79,22.7,37.9333
80,0,23.6,41.2,24.5,36.5,24.6,38.6267
110,0,22.5,40.2667,20.8233,41.56,22.1,38.5
50,0,21.1,39.3267,19.5,41.23,21.89,37.6633
60,0,22.6,36.3267,19.8567,38.06,23.6,34.245
140,0,22.4267,40.4,20.76,41.8267,22.0667,38.4667
60,0,22.2,38.8267,23.39,35.2,22.6,38.7
90,0,22.2,45.06,21.5,44.9,22.7,42.06
100,0,22.26,45.86,22,43.4667,22.3789,43.79
40,0,17.6667,43.06,16.89,42.7,18.39,43.6267
40,0,21.7,34.3267,19.7,34.7,21.0333,34.76
100,20,21.29,39.39,19.2,42,22.26,37.59
640,10,22.84,44.59,22.39,42.9633,23,46.3633
120,0,22.39,39.79,20.3567,40.29,22.5,38.3633
100,0,23,49.6,25.5667,43.5333,24.39,44.2967
60,0,20.6,36.36,17.5,40.5,21.6,34.925
60,0,21.5,38.2,18.8233,41.6267,22.7,38.2
50,0,21.89,40.09,18.6,45.1633,23.89,38.7
60,0,22.5667,42.09,24.6,36.8633,23.1,39.29
70,0,19.4633,39.89,18.7,36.7,20.0667,35.6333
70,0,21.79,39.7,20.9567,41.1,23.025,37.7225
120,0,25.5,48.29,24.89,46.7771,26.2,45.0257
60,0,24.79,38.79,22.1714,41.09,24.79,33.3267
60,0,20.9633,33.53,18.79,34.1267,22.6667,35
260,0,23.2054,51.6617,25.1,44.2876,25.9563,45.0086
30,0,22.2,39.09,19.6,41.56,22.4267,38.9
80,0,20.1667,39.7667,18.29,40.3267,20.2,39.2
50,0,22,40,21.1,39.59,20.5,41.79
230,0,23.469,50.841,25.1,44.0067,26.0303,44.4467
540,0,24.3651,48.0506,25.1,43.0514,26.2821,42.5362
130,30,23.2,42.7233,22.39,41,21.79,44.0267
200,0,20.1,42.1,18.7,42.4667,19.7,40.59
50,0,21.5,39.09,19,42.4667,22.6,38.29
50,0,21.29,40.2,20.4267,39.1267,21.23,42.73
30,0,20.29,40.7,18.7,40.4,20.26,40.59
50,0,24.8567,47.4667,24.5875,46.4125,26.1,43.4
50,0,20.29,35.59,17.7,37.6267,20.9633,36.03
100,0,21.2,35.93,19.2,37.4667,22.26,34.4
60,10,22.5333,37.7,19.4633,41.76,23.29,38.79
50,0,21.6,44.29,19.79,46.4667,23.1,41.7
80,0,19.79,35.76,19.1667,35.79,19.6,35.3267
60,0,21.79,40.9,19.4267,43,23,39
50,0,19.7,33.79,17.8233,34.5,19.89,35.812
70,0,21.29,41.7,20.7,40,22.5,43.09
80,0,20.89,42.4667,20.2,40.3267,21.79,41.29
70,0,22.89,37,21.7,36.1633,23.1,36.59
50,0,20,43.29,19.29,42.4333,19.79,44.29
30,0,21.79,37.4,19.1,40.06,22.2,37.2
50,0,19,39.9,17.79,40.4,19,39.79
100,0,21.29,43.03,20.5,42,22.1,41.59
80,0,22.6,43.8633,22.2,42.6633,22.39,43.4889
40,0,21.2,39.59,18.6,43.2,22.39,39
50,0,23.8233,40.3267,21.29,42.79,25.5,39.9
70,20,20.79,38.09,18.26,40.59,21,36.9
50,0,22.2,38.09,21.79,37.29,21.0333,39.8267
140,0,20.0333,36.7,18.1,37.76,21.9267,38.46
50,0,24.1,47.79,21.79,50.79,25.5,42.7
50,0,22.5,41.59,20.1,44.7,23.89,39.4
80,0,23,35.03,21.29,33.5,23.7,33.29
50,0,21.5,36.9,19.6333,39.3,22.7,35.76
100,20,20.1,40.06,18.8567,41.1633,20.5,38.75
50,10,19.8567,37.9333,19.5,37.1633,19.1667,39.36
50,0,21,35.5,17.79,38.29,21.5,35.09
50,0,23.23,40.73,21.39,41.7,24.79,39.29
230,0,21.5,41,19.53,44.3,22.3233,38.2
100,0,22.1,39,23.6667,35.6567,23.0333,37.6267
60,0,20.7,43.5,20.1,41.29,21,42.09
70,20,21.5,43.59,20.025,44.0225,21.3567,42.2
400,0,20.89,40.5,20.1,39.5,21.1,42.73
60,0,20.79,36.9,17.4267,41,20.7,37.53
60,0,19.39,42.1633,19,41.29,17.89,43.8267
50,10,20.79,36.73,20.1,35.5,20.39,36.8633
300,0,19.39,38.4633,16.2,43.06,20.2,37.29
120,0,21.1333,33.6667,19.7,32.06,23.8567,37.3933
50,0,22.1,41.6267,20.3567,43.59,23.4175,39.3475
410,0,21,37.7,18.79,39.495,21.6,35.7967
50,0,20.89,42.73,19,45.4,21.6,39.4
50,0,20.23,35.03,16.79,39.9,20.39,37.09
50,0,22.3567,39.4,20.5,40.9667,23.29,37.73
40,0,20.2,40.03,17.8567,42.09,20.9267,40.23
30,0,19.5667,37.2,17.2,39.79,20.1,38.8
50,0,20.7,40.09,19.1,41.59,20.6,38.59
60,0,22.2225,38.8725,19.6,41.26,24.8233,37.23
80,0,21.5,35.2,18.5,38.56,22.5667,34.56
270,0,22.2,46.5267,22.23,43.3267,24.8233,42.7233
50,0,21.9175,38.7,19.1,42.5,22.39,38.09
420,0,20.4633,41.63,18.89,39,21.2633,38.9633
110,0,23.6,33.26,22.4267,31.8267,23.1,35.1633
50,0,21.79,39.9,18.39,45.09,23.79,38.5
60,0,24.79,47.56,22.6,49.754,26.478,43.994
30,0,19.29,46.5,18.6,46.29,19.89,45.26
100,0,21.5,39.5,20.39,39.4333,21.1333,39.4
50,0,19.29,41.29,18.1,41.56,19.5667,40.6267
60,0,21.9633,39.6267,23.1,36.6633,22.2,37.9
60,0,21.3233,41.1633,21.675,39.875,22.29,38.4
120,0,19.89,37.5,18.39,36.4,20.39,35.79
170,0,22.5,40.9667,21.39,39.4,22.7,39.23
60,20,23.3567,44.9,22.39,43.8633,23.3233,44.8633
40,0,21.39,43.29,20.7,42.1267,22.7,42.2
30,0,20.5,40.09,17.2,46.29,20.9633,38.29
20,0,18.7,37.79,17.6,37.7,19.1,40.4
50,10,21.29,36.7,20.1,37.06,20.79,36.6333
280,0,21.9267,41.79,21.29,41.0667,20.5,44.2
60,20,21.7,38.5,20.0667,39.29,21.39,37.9
50,0,20.4267,43.1267,19.8233,41.23,20.89,41.79
110,20,19.6,36.53,18.79,36.03,18.5,38.4333
70,0,23.5,44.3267,22.9862,42.6,24.5,40.73
50,0,21.9633,39.09,19.23,42.9333,22.89,39
40,0,21.79,44.59,21,43.9333,22.2,44.77
100,20,21.2,45.1633,20.7,44.09,21.23,48.0267
70,0,21.29,36.26,19.5667,36.59,21.29,36.09
170,0,21.2,36.2,18,40,22.2,35.26
50,0,23.2,41.7,25.29,36,24.29,38.79
380,0,21.89,41.645,21.7,40.06,20.79,42.2
80,0,22.7,39.6633,21.79,38.1267,24.1667,37.06
60,0,21.29,37.2,18.3233,40.7,22.2,37.4
260,0,20.8186,37.8214,19.2643,37.2814,21.9214,39.0971
100,0,21.7129,36.9857,20.3471,37.3371,21.0625,37.2338
100,10,20.4267,55.8933,19.8567,45.8333,20.0333,47.5267
50,0,20.1,37.3233,19.1,35.73,20.0571,36.7686
180,0,20.39,39.9,17.1667,46.29,20.79,38.09
130,0,22.0667,39.7,21.0333,39.9667,22.7,37.7
50,0,22.1,37.5,19.2,40.8633,22.1,36.79
100,0,25.7,30.8567,26.39,27.9267,25.2,35.9333
60,20,21.6,43.59,20.1667,44.2,21.4267,42.29
50,0,22.2,38.7,19.5,41.29,24.79,37.23
60,0,22.1,43.79,19.6,47.5,24.6,41
50,0,20.89,36.5,20.1,35.5,20.4633,36.76
70,0,18.89,35.5,17.1333,36.76,19.3233,35.4333
50,0,21.6,37.4667,22.2,35.7,22.7,35.7
50,0,20.5,37.59,18.4633,39.3633,20.79,39.59
40,0,21.5,37.06,18.6,40.09,21.6,36.5
30,0,20.2,36.29,18.29,37.59,21.272,36.09
340,0,23,50.6933,25.3233,43.5633,25.7,46.2667
150,0,20.1,42.5633,18.3233,42.6333,21.39,39.09
40,0,19.79,37.8267,17.6,39.9667,20.1,36.9667
60,0,22.1,44.79,21.7,43.5,21.9206,44.5
50,0,19.23,38,17.5,39.79,20.5,37.5
70,0,22.6333,43.03,21.9633,40.59,22.5333,43.4
40,0,20.76,39,18.9633,40.03,21.29,38.5
60,20,24.5,40.09,22.39,40.76,25.2,38.9
70,30,21.79,42.26,19,47.1333,23.7,38.56
360,0,23.0333,37.5967,23,33.2967,23.2,35.6267
40,0,20.3567,38.23,18.3233,39.56,21,40
110,0,24.2,33.56,23.7,30.5667,23.6,34.3267
50,0,21.1,35.29,17.8567,39.3333,22.625,35.0225
60,0,21.89,38.7,22.1,36.29,22.2,36.9
70,0,19.5,38.7667,16.6,43.4,20,37
310,0,23.1333,38.1633,26.7,30.39,23.79,36.73
350,0,19,35.4333,17,36.9667,19.4267,35.53
70,0,22.89,36.29,21.5,36.4,22.89,37.6633
50,0,19.1,42.09,18.5,41.29,20.1,43.4667
50,0,21.2,37.09,18.29,40.23,21.39,36.56
120,0,23.3567,35.4667,21.5,35.2,22.79,35.09
110,20,20.2,38.23,18.23,39.6633,20.5333,38.5667
60,0,25.1,40.59,27.23,34.1633,26.39,37.79
430,50,20.1333,48,19.5667,44.4,19.89,44.9
110,0,21.1,37.79,19.2,37.9,21.8233,35.9333
60,0,23.5,30.26,24.79,25.6933,23.1,32.56
30,10,19.89,33.7233,18.9633,34.09,19.73,34.0667
110,0,24.7,40.9,23.6,39,25.5,38.3267
50,0,25.1,47.5,25.5,44.4,26.7,42
60,10,18.6,39,17.5,38.59,18.89,39.8267
60,0,21,36.29,17.5,40.09,22.29,36.2
150,10,22.89,44.99,21.5,44.1633,24.2,38.56
190,0,21,37.7,19.1,37.9333,21.76,35.9
50,0,19,43.79,18.1,44.1633,19.7,43.59
100,20,22.9267,44.56,22.3233,43.5267,21.7,44.5
120,0,21.39,39.795,18.6,44.56,22.89,37.2
50,0,22.2,34.09,20.6,34.09,20.6,35.7
270,10,22.1,42.03,21.39,41.56,20.6667,44.2233
60,0,21.1667,40.03,20.1333,40.56,21.79,37.79
30,0,19.89,46.8633,19.2,45.245,20.29,45.4333
100,20,22.2,38.8267,20.29,40.5,21.7,36.56
40,0,19.3567,37.3267,18.29,37.3267,19.1,40
100,20,23.5,34.9,23.1,32.7225,24.2225,34.55
60,30,20.76,44.6567,19.79,42.56,21.29,42.3328
40,0,19.6,37,16.4267,41.2,20.5,37.9667
320,0,22.39,37.8633,22.3567,35.29,24.86,36.1333
50,0,22.39,36.7,20.8329,37.4429,20.9214,37.9286
130,0,22.0333,43.0667,19.89,45.5,23.29,39.79
100,0,22.26,52.1933,21.2,43.0633,22.89,44.1511
60,0,20.7,39,18.79,40.09,21.23,38.5
50,0,23.7,34.9,22.1,34.93,23.6,35.5
60,0,25.29,46.8267,25.5,43.79,26.79,42.1267
100,20,24.4267,44.73,24.4725,40.7675,28.26,38.56
60,0,23.2,39.29,20.89,40.9229,25.5,37.59
100,10,20.29,41.2233,18.79,41.45,20.5,39.6633
270,0,24.29,38.1267,24.29,34.59,25.1,37.79
120,0,21.89,39.1633,20.76,37.1333,22.4267,36.4333
80,0,21.89,39.5,21.1,38.73,20.89,41.23
50,0,24.1,47.59,21.7,49.9,26.29,44.5
90,10,21.29,39.29,19.2,42,22.26,37.59
40,0,18.1,43.4,17.2,44.09,19.2,42.09
140,30,22,41.2933,19.73,41.5333,21.2,40.0267
50,0,22.29,39.09,19.7,41.2,24.89,37.2
50,20,22.5333,38.4,20.5333,40.26,22.1,38.2
30,0,19.7,46.09,18.79,45.9,19.79,45.2
40,20,20.79,37.79,19.26,39.26,22,34.8267
90,20,19.5667,38.8267,18.23,40.29,19.79,37.5
30,0,20.9267,37.2,18.3567,39.9,21.39,37.79
70,30,20.0667,38.5,18.5,39.3267,19.89,37.8267
50,20,22,38.6633,18.5667,42.59,22.4267,37.79
50,0,20.5333,37.7,17.7,40.7,20.1,38.09
150,30,22.89,34.7667,20.29,36.3633,21.8567,35.2
50,0,19.7,39.09,18.29,39.2,19.79,40.4
50,0,20.62,41.396,19.4267,38.4,20.6,38
40,0,21.29,40.4,19.2,41.03,21,40.5
50,10,21.575,47.0225,20.6667,46.9,21.6333,46.6267
20,0,21,39.09,18.5,43.09,21.79,37.4
60,0,24.76,44.79,22.39,46.1267,25.89,42.5
60,10,21.8233,39.9,20.23,40,20.3233,39.79
100,0,21.2,39.4,19.6,41,22,37.56
70,20,20.9267,40.6,19.23,41,20.39,41.76
70,10,17.79,37.7,16.89,36.9667,18.0667,38.4667
30,20,21.29,44.8267,20.7,44,20.2,45.59
50,0,22.1667,37.7,19.6,39.73,21.89,36.79
70,20,22.6,38.23,20.7,40.03,22.2,38.09
70,0,21.4267,43.9633,20.8233,42.3267,21.6,45.29
50,0,21.29,37.2,18.76,39.2,22.6667,36.56
50,0,20.73,35.09,21.3233,32.2233,21.5,35
50,0,20,36.9,16.73,41.2,20.29,37.53
130,0,22.9267,43.33,22.29,40.73,22.5,43.4667
50,0,19.6,37.7,17.3233,40.3333,20.39,36.03
40,0,20.2,46.4333,19.6,44.59,20.29,45.5
140,30,22.39,43.5667,20.7,44.56,23.0667,39.06
80,0,19.89,37.76,17.6,39.9,20.1,36.79
60,10,22.39,37.4,19.4633,40.5,22.2,36.6633
30,0,22.0667,45.2,21.7,43.73,22,44.575
50,0,20.23,33.4,18.39,33.56,19.76,35.06
100,0,21.7,42.73,20.8567,42.4333,22.39,39.1633
40,0,19.15,39.9,17.89,40.425,19,39.59
390,10,22.4967,43.1933,21.5594,38.9033,21.1933,43.7233
70,0,21.7,48.6633,21,46.43,22.29,46.93
420,10,24.26,42.5,25.3043,36.4543,26.1,37.09
50,0,20.39,37.5,17.5,40.53,20.2,38.09
40,0,21.89,38.09,20.1,39.5,22.39,37.4
50,0,24.1,40.4,21.7,42.245,25.39,39.7
50,0,24.89,47.73,23.39,48.42,26.5,43.6725
50,0,23.39,38.59,24.6333,34.6633,24.89,38.23
90,0,23,34.8633,23.1667,32.4,23.1,35.4333
50,0,21.2,43.5,19.6,44.29,21.7,42.5
220,20,21.5333,36,19.79,37.53,22.1,34.59
80,30,22.6333,38.3633,20.79,39.9667,22.29,38.09
80,0,23.4633,38.1333,22.1286,36.9714,24.39,35.7
60,0,22.4633,39.5,20.0333,42.03,23,39.7
60,0,22.39,37.7,19.39,41.9,23.39,38.9
60,10,22.7,41.345,20.89,42.7,23.39,39.73
70,0,21.89,41.9,23.6633,38.6933,23.1,38.59
40,0,20.29,39.4333,18,41.2,21.1,40.7
50,0,19.5,36.6633,16.7,39.9333,19.89,37.2
50,10,20.5,36.79,17.5,40.6267,20.2,36.79
50,0,20.5,40.29,18.6333,41.53,21.5,40.8633
60,10,20.79,43.59,20.2,42.29,22,46
60,0,21.7,44.53,19.9633,46.6633,23.1,41.79
60,0,19.6,33.73,17.6667,35.06,19.6,35.7
480,20,24.6,40.3933,23.89,37.8267,25.26,37.7
100,0,24.9267,31.39,23.7,29.9686,23.0333,28.86
160,30,20.4633,40.9,19.6667,38.79,22.6,40.49
50,0,18.79,37.7,17.79,37.59,19.1,40.29
90,0,21.39,38.59,19.7,39.9,20.8233,38.1267
180,20,25,40.09,27.6,33.23,26.29,37.7
60,0,24,44.7,21.6333,46.73,25.89,42.1633
30,10,23.7,41.4,22.39,40.7,24.5,38.5257
50,0,21.6,37.4,18.89,40.2,22.2,37.3267
80,10,20.6,37.7257,18.7,39.3633,20.6625,37.8088
100,10,21.2,47.96,19.6333,40.3,21.6,36.6933
60,10,21.89,38.7,18.39,42.7,22.39,37.7
130,10,23,45.0933,22.3567,42.03,21.79,45.49
40,0,22.5,38.4333,25.23,31.9633,23.2,37.59
50,0,21.39,45.9,20.79,43.9,22.39,45.1633
50,0,20.39,40.59,18.79,40.3633,20.29,40.53
30,0,20.0333,42.73,19.1333,42.29,20.8233,44.4667
50,0,20.5,34.93,18.79,35.26,19.956,36.754
70,0,21.2,35.89,18.1,38.5267,22.4633,36.2233
100,0,20,45.53,19.29,41.56,20.7,41.5
40,0,21.6,37.3633,17.89,43.09,23.23,37.73
60,0,18.175,46.3175,17.6333,46.06,18.89,43.4
50,0,21,39.03,19.6,38.23,22.66,38.418
50,10,22.2,42.6267,20.29,45,23.23,39.1967
40,0,21.2,39.4667,18.39,43.7,22.3233,38.4333
50,0,20.89,35.79,18.3567,36.9,21,35.59
40,0,24.39,39.5,22.5,40.09,25.79,37
500,0,19.7,40.03,18.1667,38.9633,20.9633,39.86
50,0,20.6,37.3633,18.7,39.2417,20.8025,38.4125
40,0,21.5333,35.3267,18.7,38.1633,20.4633,36.6633
50,0,22.8567,34.6333,20.29,36.29,23.5,36.9
150,0,20.1,42.16,19.1333,37.2,18.7,39.9
60,0,21.39,39.5267,18.5,43.59,22.2,38.4
50,0,22,41.2,19.29,44.5,24.4267,39.8267
40,0,18.6,40.5,17.3567,40.9,19,39.79
70,0,24.4267,32.6267,21.89,34.1686,23.945,34.045
100,0,21.6333,42.4333,21.29,41.43,22.6,39.9667
270,10,21.4267,40.8233,19.76,43.2667,23.8267,40.76
80,10,23.2,39.23,22.39,38.2,21.2,41.8633
80,0,22,36.7667,23.9,33.85,23.2,34.79
60,0,24.4633,39.09,22.6,39.8267,25.7,38.79
50,0,19.7,46.2,18.79,45.9,19.8233,45.2
40,0,17.73,40.79,16.7,41.4,18,40.045
510,10,19.445,38.45,16.2,43.0967,20.1333,37.29
30,0,19.9633,45.4,19.29,44.7,20.5,44.23
60,0,22.7,44.4667,20.39,46.9,24.5333,40.4
40,0,19.26,44.06,18.3567,44.2,19.79,43.9667
50,0,21.5,37.59,19.76,37.03,20.79,38.4667
50,0,22,38.09,20.2,39.3333,22.39,37.4333
70,0,21.5,40.4667,19,44.2,22.6667,38.5
60,0,21.7,48.6633,21,46.23,22.23,46.6567
70,10,21.6333,32.0233,19.73,30.3667,21.1,35.03
230,0,23,44.03,22.26,42.5267,22.34,44.2194
140,10,20.0333,41.7667,19.76,34.6,19.6,36.0267
60,10,20.79,37.09,18.6667,40,22,34.56
80,10,19.89,47.8333,19.5,45.3267,20,45.2
60,0,22.6,36.29,19.79,38,23.6,34.4
40,0,23.2,40.1633,22.26,39.7,21.6,43
60,0,22.1,43.9,19.5,47.6633,24.7,41
50,0,19.29,37,17,39.56,19.7,38.79
60,0,20.9633,43.8667,20.26,40.1267,22.39,44.9
60,0,19.79,41.06,17.9267,41.9,20.29,40.7
110,0,21.89,41.5,20.5333,42.5,23.0333,38.4
50,0,24.1,47.7,22,50.26,25.39,42.59
70,10,22.6667,42.03,21.8567,41.8633,22.445,43.6583
80,10,21.9267,40.43,21.13,38.8633,21.1,43.2667
60,0,20.89,36.9,20.9175,35.875,21.76,35.06
80,20,22,36.9667,20.39,37.9,20.79,38.2
20,10,22,36,18.5667,40.5,22.1,35.4333
70,0,21.5,36.3267,18.2,40,23.23,34.9267
210,0,23.7,39.6933,27.39,32.618,25.1667,37.43
80,0,20.79,43.4633,20,42.345,21.745,43.27
60,0,24.6,38.4,23.89,36.4667,26.2,37.7
60,10,21.79,48.7967,21.2,47.5267,22.39,46.09
60,0,24,47.76,21.7,50.8633,25.6333,42.9333
70,0,24,45.2,21.6,47.9,25.39,41.03
50,0,24.79,38.9,22.2,41.09,24.79,33.4
50,0,20.79,40.33,20.5,37.7,20.7,38.7233
100,10,23,49.8333,22.6,44.1267,22.29,46.6933
60,0,24,37.9,22,38.9667,24.39,37.59
70,0,21.7,40.79,19.3567,43.09,23,39
90,40,23.9633,46.6333,23,44.06,24.1,45.7
60,0,21.39,38.2,18.79,41.79,22.7,38.1175
200,10,22.1,42.3267,20.4267,44.06,23.7,38.1633
110,30,22.29,39.9667,20.8233,37.73,22.29,37.09
50,0,21.3567,41.7,18.73,44.5,22.89,39.5
140,10,21.79,37.96,19.89,37.6267,22.1667,34.8633
50,0,22,40.59,19.4633,44.06,22.89,39.7
90,0,24.89,51.9,23.6,51.36,26.1667,45.8633
330,10,18.1,36.7967,16.79,37.4,18.23,37.4
110,20,22.4267,41.8333,20.79,39.4,21,40.5667
50,0,22.1,39.5,20,41.79,22,38.23
60,0,25.29,48.9,23.89,48.978,26.39,44.79
80,0,21,39.76,19.445,39.745,22.6633,37.23
100,0,21.39,34.4667,20.2,34.59,20.89,34.79
90,0,22.29,39.5,20.6,40.7,22.23,37.9333
40,0,19.89,36.8633,19.23,36.1267,18.5,38.09
220,0,21.23,40.03,20.39,39.7,20.6333,42.23
120,30,19.2,44.8267,18.5333,43.9333,19.29,45.3333
120,0,22,34.9,22,32.09,22.39,34
50,0,22.6,39.09,20.39,39.59,24.79,36.09
50,0,19.89,36.9,16.9633,40.59,20.23,37.23
50,0,18.79,38.59,18,38.29,18.7,40.03
60,0,23.2,36.4,20.84,38.09,22.6,36.29
360,0,21.1333,34.9667,19.5,35.3267,21.23,34
70,20,24.39,44.56,23.2257,43.6843,26.76,39.09
40,0,17.9267,44.09,17.1667,44.5,19,42.09
30,0,19.89,37.3267,17.2,40.7,20.89,38
60,0,21.76,42.2,18.79,47.2233,23.79,38.79
60,0,24.89,48,24.8186,46,26,43.8862
260,0,22.2,45.76,20,49.1633,25,40.8267
80,20,24.0667,50.5667,23.2,43.7333,24.29,45.03
50,0,22.39,36.79,19.79,39.4,22.89,36.76
80,10,24.5333,32.2,22.254,33.054,24,33.6633
60,0,24.6,38.4,24,35.9667,26.1333,37.5
50,20,20.29,40.29,18.5,41.5,21.29,40.8267
110,0,21.79,41.9,21.5667,40.4,20.5667,41.8633
80,10,21.7,35.59,20.3567,35.9,21.0667,37.06
20,0,19.5,37.59,17.29,39.7233,20.29,35.8267
30,0,21.23,35.9,19.6333,37.29,21.79,35.7
390,0,20.6333,41.8333,19.39,39.4667,21.39,40.1633
60,20,20.79,36.53,18.2,39.76,19.89,37.59
140,0,21.79,42.09,20.3567,43.4633,23.89,38.29
40,0,23.6,35.4,20.29,38.5,24.2,36.59
130,10,23,44.03,22.39,40.8633,22.6,43.59
390,0,21.0857,38.3429,20.0929,36.4957,21.2087,40.4663
60,20,21.84,38.145,20.3233,38.8633,21.39,37.9
50,0,22.1667,41.5,19.6,44.23,24.29,39.59
60,10,20.5,34.4633,20.1333,36.2267,20.89,34.09
110,0,20.7,35.7233,16.7225,41.4475,21.445,35.145
50,0,22.1,41.7,21.3567,41.36,23.39,38.09
60,0,21.29,37.09,19.29,39.03,21.79,36.4667
40,10,20.5333,41.5,19.7,40.06,20.73,41.23
60,0,24,40.4,21.4267,42.6567,25.5,39.9
90,0,23.9267,37.9333,24.5,34.53,25.1,38.06
50,0,22.9267,41.7,20.29,45.09,24.6,38.59
50,0,23.29,35.73,21.2,36.9,23.79,36.79
180,20,22.79,37.8333,21.2,37,22.7,36.9
80,0,19.4633,37.03,16.26,41.4667,20.6,37.9333
110,0,22.2,43.29,19.945,45.845,23.29,38.6267
50,0,22,41.26,19.3567,44.5,24.5,39.9
30,0,20.8233,35.29,17.5,38.59,21.5,35.2
40,10,19.29,44.7967,18.79,44,19.5,44
50,0,21.79,42.2,19.1,45.7,23.5,39.09
110,10,22.39,37.86,21.89,37.1542,21.29,39.7
50,0,20.7,37.7,18.7,39.09,20.7,39.4
590,0,20.6975,35,19.3233,33.3633,21.6333,35.29
210,20,23.2,48.0933,22.79,43.7233,22.5389,45.3172
50,0,21.5,37.2,19,38.6267,22.6,36.29
20,0,20.1,39.5667,18.5,38.2667,20.39,35.9333
20,0,19.315,45.345,18.6,44.9,19.79,44.5
240,0,24.2675,38.1725,24.39,34.7,25.02,37.79
60,0,20.79,36.29,18.1,39.59,22,36.6633
50,0,21,39.1633,18.5,43.1633,21.79,37.4
50,0,22.29,37.4333,23.7,33.4667,22.79,36.09
60,0,23,34.59,20.5333,35.9667,23.39,36.7
120,20,21.7,45.9,20.0667,45.8633,21.79,42.7
100,0,21.3233,39.1567,19.2,42.09,22.29,37.59
130,20,21.9267,40.9667,21.39,39.9,21.8233,43.4933
70,10,20.76,36.8633,18.4633,39.9667,21.89,34.4
280,10,20.89,41.1333,19.23,38.6,20.6,36.7667
60,0,18.89,37.6633,17,39.93,19.39,37.4
110,0,24.7,32.09,22.5,31.79,24,33.4
100,0,18.9633,44.1567,18.6,43.0667,17.79,43.9667
30,0,19.5,44,18.76,43.7,20,44.9
110,0,22,37.3667,20.6,36.4,22.1,35.9667
20,0,21,45.79,20.4267,43.9,22.23,45.1567
70,0,21.6,42.59,20.46,43.8633,22.39,38.4333
40,0,18.39,42.3267,17.7,41.79,18.3233,43.5
130,0,21,39,19.6,40.4333,21.79,37.4
120,30,22.7,36.9667,21,38.09,22.2,36.2
270,0,25.7,47.2,27.89,38.79,28.374,42.834
390,10,19.6,38.8633,19.2,37.73,19.39,40.1267
370,0,20.79,35.26,19.29,33.4333,21.7633,35.6267
80,0,23.2,42.06,23.84,38.95,24.1,39.6633
80,10,20.4267,40.0267,17.3567,45.1567,20.79,38.06
130,10,22.2,40.3233,20.6,41.23,22.0333,38.5
150,20,24.39,39.09,23.89,37.29,25.2,37.6267
60,0,21.2,38.56,18.5,42.73,22.6,37.79
50,0,21.79,37.2,20.29,36.76,20.76,38.4
70,20,20.7,36.6633,18.0667,39.8633,19.9267,37.59
60,0,22,40.9,18.8567,46.4667,24.1,39.29
70,0,21.6,37.5,19.6,36.6633,21.7,39
50,0,20.6,35.5,18.6,37.29,19.89,37.29
40,0,19,34,16.89,35.8267,19.6,36.09
50,0,21.79,38.7,19,42.5,22.39,38.2
90,0,22.6667,42.53,20.1,44.09,24.23,39.1267
60,0,23.2225,34.345,21.29,34.9333,23.34,36.0675
50,0,21.39,41.09,21.76,39.5667,22.29,38.4
70,0,18,36.43,16.79,37.4667,18.29,37.3333
110,10,19.8233,44.5,19.5,43.8267,19.6,43.73
110,0,22.2,39.29,21.1,39.59,22.79,37.7
20,0,21.29,35.5,17.79,40.7,21.6,36.09
50,0,21.2,32.53,19.6667,32.59,20.23,34.5
90,10,22.9633,46.3267,21.9633,45.3267,21.89,46.7
50,0,25,44.1633,23.29,45.5,26.6,40.4
60,0,21.73,36.5,20,38.29,22.7,34.2
90,10,21.8567,47.4,21.29,45.2,22.39,45.56
80,20,22.1667,39.8267,20.6,40.86,22.2,38
590,30,19.8567,47.6633,18.7,34.1,18.4267,37.8333
180,0,22.9267,43.5,21.23,42.6267,26.3267,43.73
40,0,22.2,39.4,19.79,42.29,23.1,39.79
60,10,20,38.5267,18.245,36.845,20.29,35
50,0,21,37.9,18.1667,41.59,23.2,36.5
80,0,22.5667,32.4667,25.5667,25.7267,22.6667,32.4667
50,0,22.175,37.7,23.7,33.5,22.79,36.06
130,0,26,38.73,25.1,36.4633,28.6286,34.5529
50,0,20,39.89,19,38.09,20.39,37.03
40,0,20.23,46.5,19.6,44.59,20.29,45.5
50,0,20.89,43.59,20.3933,44.66,21.6,40.09
50,0,21.89,34.9,19.39,36.9667,22.89,36.53
130,20,22.79,41.79,21.79,40.93,21.89,43.1633
50,30,21.6,38.8175,19.73,39.3633,20.9267,39.0667
60,0,21.6,38.2,19,41.56,22.89,38.4
60,0,24.73,39.5,27.89,32.56,26.2,37.5
50,0,21.79,42.76,19.1,46.4667,23,39.7
70,10,20,37.76,18.29,36.6267,20.29,35.09
50,0,23.79,35,20.85,37.09,24.2,35.4
30,0,20.1,37.0567,17.0333,40.6667,20.3233,37.03
80,0,24,40.1933,24.2257,36.0286,24.6333,38.5
50,0,25.1,39.79,28,32.09,26.1,38.5
510,20,19.7,36.16,18.4267,35.9333,19.7,36.312
60,0,24.1,47.7,22.5333,49.0267,25.3233,42.7
50,0,20.73,41.9,19.7,42.26,21.2,41.03
90,20,22.39,41.9,21.65,41.09,21.7,43
530,10,20.1667,39.1567,19.26,37.9667,20.865,37.8725
50,0,22.39,39.09,21.1333,38.8333,22.7,38.29
110,0,22.79,44.3633,20.6333,45.1567,24.5333,40.2
50,0,21.5,36.1267,18.79,38.8267,22.1,36.09
50,0,22.6333,37.3267,20.79,38.53,23.39,37.56
60,20,20.79,37.09,18.6,40,22,34.5
50,0,21.7,40.2,18.8233,44.3267,22.6,38.29
70,0,21,44.59,19.6,45.03,21.5,42.5
70,0,20.79,44.8333,20.1,42.79,21.79,45.09
50,0,20.7,37.09,18.9,40.0667,21.76,35.2667
160,20,22,42.9,20.5667,44.09,23.1,39.3267
60,0,21.2,38.9667,17.6,44.4333,22.29,36.5
40,0,21.39,38.73,19.1,41.9667,22.1,37.29
50,0,20.29,39.8633,19.5,38.9333,20.525,40.2675
210,0,19.5,38,18.96,39.1,19.89,36.9667
190,0,19.39,38.53,16.2,43.23,20.2,37.29
60,0,22.2,39,19.6667,41.3633,22.26,38.76
70,0,20.89,38.4,24,34.4667,22.39,34.425
40,0,20.79,35.4,16.89,42.23,21.7,36
180,0,20.29,38.6333,18.1333,40.06,20.5333,39.03
80,0,21.1,37.79,19.89,37.29,20.89,38.09
60,0,21.76,44.59,20.2,46.5,23,41.73
60,0,21,37.59,18.5,40.2,22.6,36.79
60,0,24.39,38,23,37.76,24.7,37.7
80,0,24.7,40.76,23.2,39.76,25.26,38.7
60,20,20.89,37.7667,18.39,39.9667,21.1,36.9667
50,0,20.29,37.2,19.39,36.76,19.39,39.9
220,0,20.1,45.6933,19.2,43.9,20,44.79
240,0,25.8233,47.1967,27.79,38.86,28.58,42.298
90,0,24.39,32.8,21.83,34.4,23.9725,34.2
50,0,24.89,47.79,22.89,49.4,26.6667,43.9
40,10,21.26,45.86,20.5,43.8633,21.9175,44.5675
50,10,21.2,37.3633,18.6,39.8633,21.39,37.59
60,0,21.89,42.7667,20.29,45.9667,23.3233,38.59
60,0,22.29,41.5,19.79,44.79,24,39.59
60,0,25.1,39.2233,27.5667,31.89,26.1,38.4
50,0,21,35.29,17.79,39.09,20.29,36.9
50,0,22.89,41.4,20.89,43.1529,24.7,40
50,0,21.2,38.8267,17.8567,44.26,22.2,36.4
50,0,21.76,42.53,21.1,41.4,23.1,42.9333
70,10,20.79,35.56,22.2675,31.9425,21.5,35
50,0,23.29,44.8633,21.8186,45.4,24.79,41.79
70,0,19.89,43.56,19.29,41.1633,20.6,41.1725
40,0,21.5,35.59,18.5667,38,22.2675,35.595
140,30,22.8567,45.4,22.2,43.86,21.89,46.53
50,0,21.1,35.4,19.5333,36.06,19.89,37.236
90,10,20.6667,31.93,19.2,30.9633,19.6,33.1567
50,0,23.4267,35.59,20.2,38.772,24.29,36.94
40,10,21.2,44.9667,20.6,42.6,21.39,43.29
40,0,21,37.59,18.4267,40.1267,22.6,36.79
90,0,20.5,36.9,19,35.9667,20.0714,36.51
60,0,24.76,37.4667,24.0333,35.6267,26.0571,36.8057
70,20,21.29,41.8267,18.1667,47.0967,22.9633,38.53
40,0,22.5,42.29,21.79,41.09,23.1,42.73
50,0,20.89,35.4,17.79,38.59,22,35.9333
60,0,21.23,45.3633,20.5,43.06,21.6,43.79
50,0,21.1,40.29,20.3233,39.2,21.2,42.7
110,0,23.575,43.4975,27.2086,36.4086,24.8233,39.6267
60,0,24.1,38,22.39,38.7,24.5333,37.79
90,0,24.89,50.1267,23.2,50.7,25.8233,45.1633
40,0,17.9267,43.9,17.1333,44.3267,19,42
60,0,22.2,41.5,19.7,44.2,24.4633,39.76
70,0,24.865,47.295,22.7,49.3686,26.6,43.6267
60,0,24.1727,38.8509,23.2255,37.6364,24.8982,37.5409
70,20,21.5,44.23,20.9267,43.76,20.29,45.79
50,0,19.23,46.8267,18.5,46.7,19.79,45.29
50,0,21.1,43.4,19.7,44.29,21.89,42.09
70,0,21.2,41.1,18.1,45.4633,23.6,39.4
70,20,20.5,38.5,17.89,40.9333,20.9267,37
70,10,20.6,36.29,19.2,36.2,20.04,36.44
60,0,21.1,39.59,19.29,41.9667,21.89,37.8633
50,0,17.29,43.2,16.3567,43.23,17.7,41.2
270,10,20.365,39.35,19.29,38.1633,21.6333,39.6267
50,0,21.2,35.5,19.7,36.6633,21.7,35.29
110,0,22.89,34.79,20.79,35.2,22.5,35.03
240,0,22.6,40.29,20.29,42.49,25.1333,38.79
60,0,18,36.23,16.79,37.4667,18.29,37.53
100,0,21.2,37,20.1,37.29,20.89,36.45
120,0,20.79,40.93,17.79,44.7,23,39.4333
60,0,21.1667,44.03,20.5,41.79,21.5,43.06
150,0,21.2,33.7,19.73,32,23.8267,37.9333
50,0,21.6,35.4,18.2,39.245,23.39,35.4
320,0,22,37.5667,20.6,36.4667,22.1,35.8267
50,0,22.1333,38.2,20.79,38.23,22.3233,37.59
50,10,20,38,19.5667,37.59,18.73,39.59
70,0,23.3233,29.4267,24.89,24.5967,23,32.1267
60,0,22.6,41.29,20.79,42.8633,23.39,39.79
100,0,21.1,37.8633,19.26,37.9667,21.89,35.9333
60,0,19.89,42.7,19.3233,40.7233,20.8233,41.7667
60,0,21.29,39.76,18.2,44.23,22.5,38.9
210,0,20,38.9667,18.29,39.93,20.7,37.4333
50,0,23.1333,41,20.7,43.79,24.6,39.4
70,0,22.29,38,19.9267,40.1567,23.1667,36.9
40,0,20.89,36.5643,18.89,38.09,21,38.6686
30,10,18.79,44.7233,18.2,44.0667,19.815,44.82
150,30,22.1,38.1333,19.79,39.2667,21.29,38.4333
60,0,21.76,38.59,19.39,40.8267,22.6,37.9
50,0,19.6333,37.2,17.29,39.8267,20.1,38.8267
30,0,20.2,37.2,19.29,36.79,19.365,39.9
290,0,26.1,41.7,26.29,38.09,29.16,37.656
160,10,21.29,35.4333,19.5,37,20.29,35.4
40,0,21.2,38.1633,18,42.4,21.89,36.5
370,0,20.79,36.73,18,39.79,21.6,35.29
50,0,22.3233,38.9,20.1,41.06,22.0667,38.26
50,0,24.5855,51.0839,23.936,49.5744,27.0661,45.1155
50,0,22.89,45.8267,21.2,47.7,25,42.23
90,0,21.3233,39.23,19.2,42.09,22.29,37.59
70,0,21.89,41.29,20.5,42.59,22.89,38.59
100,10,19.79,47.0333,19.5,45.29,20,45.03
50,0,21.7,44.79,20.89,44.1633,22.29,44.9
270,0,22.89,36.53,22.76,34.4,27.1333,38.4667
60,0,21.1667,46.56,19.89,46.7,21.9633,42.8267
80,0,22.6,37.4,20.7,38.7,23.39,37.6267
110,0,23.1,39.4333,20.89,39.16,23.6,33.5267
190,20,21.5,46.23,20.7,44.79,21.5,43.2
80,0,22.1,34.5,20.39,35.59,20.89,36.26
330,0,21.1,38.2725,20,36.76,20.6333,37.1567
100,20,23.6,37.29,22.08,37.254,24.218,35.978
50,10,21.79,39.4,20.1667,40.3267,23.79,36.4
50,0,21.5,35.7,18.5,38.09,22.29,35.73
40,0,20.5,36.79,17.5333,40.56,20.2,36.79
110,10,21.84,39.85,20.0333,37.9567,21.79,35.8
70,20,22.89,43.7,21.978,43.92,24.39,39.5
50,0,23.1,38.89,21.1143,38.9543,24.2,36.8686
60,0,21.2,38.79,18.8233,42.5,22,36.9
60,0,21.2,40.76,18.8233,44.2233,22,38.09
70,0,22.5,41.4,22.89,38.2,23.29,39.2
50,0,21.39,39.79,18.29,44.29,22.5,38.9667
40,0,19,39.09,17.7225,39.2675,18.89,39.2
50,0,20,39.7,19,37.8333,20.29,36.9
60,0,18.3233,46.1633,17.9267,45.7233,19,43.59
40,10,20.79,36.5,18.2,39.79,22.05,34.245
50,0,22.1333,39.1267,22,36.26,22.39,36.79
100,30,23.29,38.7,22.2,38.1725,22.29,42.4333
110,0,21.2,39.5,19.39,41.56,22.1,37.59
140,20,24.39,39.09,23.8233,37.2,25.2,37.7675
60,0,24.29,38.29,22.7,38.2,26.3233,38.26
60,0,21.2,40,20.29,40.09,21.79,37.7
80,20,22.2,34.4,19.89,35.9667,21.79,34.09
40,0,22.29,39.4,20.5,41.1267,23.23,37.73
60,0,25,48.09,23.79,47.9667,26.2,43.79
100,10,19.89,38.73,19.2,37.9667,20.2,36.9
230,10,22.79,28.1933,22,26.36,22.5,34.56
120,20,21.26,43.2967,20.7,41.2,21.5,43.53
80,0,21.5,35.2,18.4633,38.7,22.6,34.6267
60,20,21.4267,35.3267,18.89,37.59,21,35.2
20,0,19.1,41.9633,18.4633,41.1633,19.29,43
80,0,21.2,36.3267,18.0667,40.3633,22.1,35
50,0,22.7,38.9333,21,39.6633,22.6,37.79
100,0,22,45.7333,22.1333,42.4567,23.1,38.9
40,0,20.6333,40.53,19,40.4,20.26,40.29
50,0,21.7,36.4667,25.1,30.5,22.6,35.09
150,0,23.2,38.1933,22.9633,35.6267,23.2,36.3633
30,0,17.39,42.59,16.5,42.9,17.7,40.79
80,0,22.7,39.7,21.79,38.09,24.1,36.8633
30,0,22,45.26,21.7,43.79,22,44.59
50,0,23.23,40.6567,21.3329,41.7771,24.79,39.29
60,0,25.39,49.1633,24.315,48.7225,26.3567,45
50,0,22.39,43.7,20.39,44.4333,23.29,40.76
80,0,22.89,45.03,20.79,47,24.6,40.45
70,0,23.39,34.4,24.26,29.89,23.2,33.9
90,0,23.6,36.2333,22.6714,32.2257,23.9529,34.1
40,0,22.1,40.9,18.89,46.2,24.1,39.2
750,20,21.1,44.6933,20.29,42.59,22.89,42.5667
50,0,18.6,39,17.2,39.5,18.89,39.29
50,0,21.2,41.4,18.39,44.7,23.1,39.59
120,10,21.6,37.5667,20.3233,37.9333,21,37.59
60,0,22.0667,43.26,19.79,44.7,23.4633,40.8633
60,0,20.29,36.9,20.79,34.79,20.1,36.29
100,20,23.2,45.1,22.6333,43.1267,22.5,44.6022
60,0,24.6309,50.3848,24.1072,48.5242,26.9652,44.5609
90,0,19.29,40.6633,18.7,39.7,19.29,42.09
70,0,22.89,40.56,20.7,42.6633,23.1,39.5
60,0,21.79,41.9,19.6,45.1633,24.2,40
50,0,21.89,35.56,19.1,37.4,22.2,35.7
40,0,20.79,37.4,18.89,38.1633,20.89,38.9
60,0,20.5667,42.26,19.79,40.09,21,40.3267
140,0,20.2,37.0967,20.6975,35.245,20.0333,36.23
30,0,19.79,43.9,18.89,44.29,20.2,44.1267
50,0,20.89,40.7,17.89,45.29,23.1,39.79
130,20,21.5,41.29,20,43.1267,24.2,39.89
60,0,22.1333,39.4,19.7,42.29,23.2,39.79
130,0,21.4267,34.79,19.39,33.7,22.5,35.36
50,0,22.39,38.73,19.29,41.73,22.5,38.09
70,0,21.6,45.79,21.2,44.59,21.79,44.56
90,10,20,37.29,17.7,39.4667,20.1,36.59
60,0,24.73,38.79,23.4267,38.23,25.6,38.4
120,0,23.5667,47.66,21.89,47.6633,25.365,40.6725
60,0,25.2,48.5,23.89,48.4,26.2514,44.9986
70,0,22.5,41.7,20.39,43.9333,23.5,40
40,20,21.89,34.9,19.5333,36.8633,21.39,35.29
40,0,18.6,40.5,17.26,40.9667,19.0667,39.8633
60,30,21.79,48.7,20.76,46.23,22.3567,44.9
360,0,22.39,37.79,22.29,35.29,25.1725,36.675
50,0,22,42.3267,19.79,45.59,23.7,40.2
60,0,20.7,37.2,18,40,21.1,37.7
50,0,20.89,36.59,18.2,39.79,20.1,36.59
50,0,20.39,42.3267,19.39,42,20.89,44.4
270,0,21.5667,41.79,19.3233,45.56,23.23,39.9333
50,20,21.89,38.06,20,38.5,21.2,39
390,0,19.89,34.9667,19.2,32.4667,20.53,35.1967
60,0,24.7,38.4333,22,40.5129,24.5,32.7667
90,0,21,39.29,18.29,43.4667,22,36.7
80,0,24.39,41.79,29.1333,33.2267,26.2,38.4
110,10,21.4633,37.1933,19.3567,38.8633,21.29,35.3333
50,0,24.23,39.2,23.6233,39.0667,26.1,37.26
50,0,21.7,35.4,18.29,39.29,23.365,35.295
40,0,20.39,35.9,18.5667,36.8267,20.1,37.9
40,0,21.29,45.59,20.5,43.7,21.8233,44.4333
130,10,22.7,42,21.89,41.79,22.5,43.5
60,0,23.6,41.03,22.1714,40.9,24.4686,38.94
180,0,24.1,42.1267,26.5941,34.59,27.1333,40.3633
70,0,21.7,41.73,21,40.3633,22.6,43.2
130,0,23.6333,43.7,22.5,42.7257,24.39,40.03
100,0,21.2,40.1333,19.6333,39.4,22.29,40.26
60,0,22.6,44.2,20.29,47,24.6,40.59
20,0,20,41.4,18.29,41.59,20.1,40.9
70,0,22,38.45,18.89,42.8633,22.79,37.5225
50,0,22.39,35.4,19.76,37.53,23.2,37.03
50,10,21.89,46.2,21,45.79,23.2,46.23
80,0,24.79,35.2,25.1,31.8567,24.2,36.03
50,0,21,39.5,18.2,43.9667,22.39,38.9
50,0,21.6,42.56,20.89,41.5,23.1,43.09
60,0,22.5667,39.2,19.39,44.2,23.29,39.5
430,10,25.5,46.6,25.2643,42.9714,26.8233,41.1567
100,20,22,43.0267,20.6333,43.53,23.2,39.29
50,0,21.39,42.79,20.5667,42.9,21.4633,43.56
430,0,21.43,44.86,20.39,42.0967,21.9633,41.4
610,0,21.5,38.2667,20.5,36.8267,24.39,37.53
170,20,25.39,39.2,26.2,35.26,26.5,37.79
50,0,20.6,40.53,18.9633,40.4,20.26,40.3633
120,0,22.1,39.59,21.1,39.8267,22.7,37.7
100,0,24.7,52.2667,24,51.43,26.6333,45.1633
70,0,20.89,40.79,19.6667,42.5667,22.1,37.9333
380,20,21.075,45.3725,20.5,44.2,20.1,45.53
50,0,20.79,35.29,17.6333,39.2,20.29,36.9
60,0,20.5,37.59,17.39,41.7,23,36.59
160,0,17.39,37.03,16.39,37,17.79,37.2
50,0,21.7,41.2,18.79,46.29,24.1333,39.4
80,20,21.5,38.26,20.5667,37.7,20.7,41.4
390,0,21.7,33.7967,19.6,33.9,22.6633,36.2333
70,20,21.5,44.4667,19.8233,44.53,21.29,41.26
100,0,22.1,35.9333,19.89,37.2,22.5,33.8633
390,10,20.89,33.86,19.53,33.99,19.93,37.2233
50,0,21.6,36.9333,18.7,40.3333,22.6333,35.86
50,0,20.6,40.2,18.79,41.5,21.39,40.79
70,0,22.79,37.03,21.7,36.9667,22.79,37.7
120,0,19.6333,37.8,17.6,36.8633,19.7,36.7
120,10,22.2,38.9667,20.29,40.6333,21.7,36.56
50,0,21,36.56,18.3233,39.76,20.1,36.53
50,0,20.39,46.29,19.76,44.59,20.2,45.4
40,0,18.6667,42.29,18,41.5,19.7,43.29
50,0,22.6,38.79,20.0667,41.7,22.1,37.59
110,0,22,38.56,20,39.29,22.39,37.59
50,0,21.29,35.7,18.3567,38.09,22.1,35.9333
290,0,22.2,37.6233,19.5333,39.0333,23.1333,34.29
60,0,24.6,38.4,23.6,36.8267,26.29,37.9
50,0,18.79,44.59,18.05,43.845,19.5,43.9667
110,20,22.39,45.9667,22.0333,44.0667,22.075,45.975
50,0,21.89,41.1267,19.2,44.5,24.39,39.9
100,0,25.1,41.6267,23.5,38.156,23.7,32.0667
140,0,21.5667,39.7267,19.9633,39.8,21.7,36.2
90,20,22,41.79,21.3567,41.2,20.5333,44.2
50,0,22.2,40.73,19,45.2,24,38.9
100,0,22.7,38.3333,21.2,37.06,22.6,35.9
50,0,22.2,39.9,22,38.245,22.4267,38.3267
50,0,20.29,36.7,18.5,37.4,20.4633,37.26
170,0,25.29,46.1933,24.1,45.36,25.89,42.2
60,0,22.0667,39.56,25.865,32.62,23.2,37.59
70,0,23,34.7667,21.2,33.4,23.7,33.1633
60,0,20.9633,41.9,20.29,40.7233,22.0333,41.03
50,0,22.2,39.29,23.1,36.59,22.2,37.9
40,0,22.79,36.59,20.2,38.9667,22.6667,36.3633
210,0,20.89,37.23,19.39,37.9,21.7,35
50,0,23,40.4,25.03,36.5267,24.2643,36.9714
60,0,22.1,43.9,19.5,47.59,24.7,41
80,0,20.89,43.1333,20.2,40.4,21.7,41.09
50,0,22.29,41.79,19.89,44.1633,24.5667,40
80,0,22.1,41.86,20.39,43.86,23.29,39.23
20,0,20.1,45.09,19.29,44.59,20.5,44.29
1080,30,21.93,42.7667,21.04,38.08,20.7,40.6333
110,10,21.5333,40.2667,19.6975,39.4475,21.23,39.03
710,10,21.73,44.9,21.34,43.79,21.29,45.1
60,0,21.1333,47.03,19.89,46.9,22.29,42.7
40,0,17.625,43,16.9267,42.59,18.39,43.7
90,0,21.89,41,20.5,42.09,23,38.5
120,20,21.7,36.03,21.29,34.06,22.39,34.9
80,0,21.39,38.7,21.0889,38.05,20.5333,40.2
480,10,22.76,40.73,22.1,39.5,21.23,42.29
40,0,21.1,37.79,19.1,38.1267,20.7,38.9667
80,0,21.5,45.6267,21.1,43.06,22.29,40.09
50,0,24.79,47,22.6714,49.5643,26.1,43.4
50,10,21.79,34.76,20,35.29,21.2,35.09
50,0,21.29,39.4,18.6,43.2675,22.29,38.4
40,0,21.79,35.09,18.29,39.59,21.5333,35.79
60,0,21.29,39.7,18.1667,44.29,22.39,38.76
50,10,22,47.06,21.1,46.59,21.7,46.5
50,0,22.2,41.09,21.6,40.4,21,42.5
70,10,20.1667,35.4333,17.6667,37.1633,20.5667,38.6267
70,0,20.6,36.43,19.86,37.1,21.4267,34.4333
70,0,21.1,35.3333,18.6,36.4,20.6,37.7
50,0,18.79,43.7,17.89,44.09,19.6,43.09
50,0,21.1333,41.4,18.29,44.7,23.1,39.59
50,0,22.29,35.29,18.89,38.76,21.39,35.5
60,0,22.79,39.5267,21.79,38.2233,23.0667,37.9
110,0,22.8233,36.4633,20.2,37.59,23.6,33.7
470,0,20.1,37.5667,18.3233,39.5,21.9933,35.1
90,0,20.89,39.2,18.2,43.23,22.1,36.6633
310,10,22.2,43.43,21.6333,41.8267,23.9633,39.8633
40,0,19.6333,37.8,17.9267,38.8267,20.29,37.09
100,30,21.39,39.03,19.745,40,20.79,38.09
40,0,19.39,37.09,17.1,39.745,19.89,39.1633
50,0,19.39,37.53,17.7,39.2,20.58,37.2
110,10,23.5,40.0267,20.76,43.3633,24.0333,37.6567
80,0,21.29,35.79,17.79,40.76,21.5,36.09
40,0,21.0667,38,18.2,41.53,23.2,36.5
110,10,20.7,42.93,19.4633,42.5,20.4267,41.5667
240,0,21,34.89,20.1667,33.0667,21.39,34.7
30,0,21.2,38.26,18.5,41.45,23.2,36.29
50,0,21,38.8333,19.6,38.2,22.66,37.858
60,10,21.89,40.59,19.6,42.59,22.89,38.9
60,0,22,44.8633,20.29,46.1,23.2,39.1267
260,0,21.23,38.8267,19.9267,38.2233,23.6633,37.03
40,0,21.39,43.2,20.1,43.79,21.89,42
60,20,20.575,37,17.8567,39.9,20.1,37.29
240,0,21.5,45.8333,20.39,44.79,21.5,44.09
50,0,23.29,34.3267,21.39,34.6633,23.3233,36
50,0,21.5667,42.2,20.73,41.3633,20.79,44.59
60,0,23.89,47.66,21.6667,49.86,26.2,44.3267
100,0,21.1,35.6633,19.3233,36.9667,20.29,35.3633
40,0,18.39,38.79,17.5,38.79,18.5,39.29
110,20,22.0667,44.3333,19.8567,44.8633,22.89,40.09
120,0,22.6,38.9667,21.2,39.5,22.7,37.79
130,20,22.7,42.6333,21.76,41,21.9267,43.4
90,0,23,37.09,22.39,35.3633,23.2,36.4667
50,0,21.79,41.9,19.5333,45.29,24.2,39.9
130,0,21.79,42.23,20.29,43.3267,22.7,38.76
130,0,20.025,39.695,18.1,40.9667,20.79,39.678
50,0,22.1,41.3633,20.3567,43.4333,23.5,39.7
60,0,21.7,35.7725,19.7,36.2333,21.26,35.8333
460,0,21,38.1633,19,38,21.7,35.9
50,0,21.3233,35.7,18.3233,38.2,22.39,35.9333
30,0,21.79,37.3267,19.2,39.9,22.23,37.1567
70,0,23.39,34.8633,23.2643,31.7643,24.2,34.9475
50,0,23,42.0667,21.6,42.9,23,39.4
50,0,21.4267,37.53,19.7,37.09,20.79,38.4
80,20,22.89,38.545,21.89,37.76,21.6,41.79
90,0,22.5,39.59,23.26,36.4,23.1333,38.09
60,0,24.39,38.4333,23,37.76,26.39,38.2
20,0,21.39,36,19.39,37.1057,20.89,38.2
30,0,21.6,37.09,18.76,40.29,22.6333,35.9333
130,0,22.1,42.8633,20.7,43.8333,23.6,38.245
60,0,22,42.2,20.5,43.7,23.2,39.09
40,0,22.29,39.6633,21.76,38.3267,22.6,38.4
50,0,21.79,36,18.6333,38.3267,22.6,35.975
70,0,21.9633,38.5,19.79,39.59,22.39,37.4
110,0,22.29,34.7667,20.1333,36.09,21.79,34.29
90,0,24.7,49.5967,27.138,44.46,25.16,46.334
60,0,24.5355,51.8529,23.7477,50.7295,27.1771,45.7255
40,0,20.6,37.23,18.73,38.1267,21.87,36.2
440,20,20.7,39.4633,18.89,41.23,21.79,35.73
190,10,22,42.2,19.1,46.5,23.9633,38.9667
230,0,20.9267,42.39,20.2,39.93,21.7633,45.59
80,0,21.29,39.7,19.6,40.79,21.9633,37.5
50,0,18.79,45.56,18.1,45.1267,19.8567,44.9
50,0,22,38.8633,19.5,41.29,22.29,38.8633
120,0,24.89,53.3633,23.9633,53.0267,26.29,45.9667
40,0,18.89,46.9,18.245,46.745,19.6,45.1633
50,10,20.5,37.1633,18.9267,37.9,20.5,36.06
140,0,19.39,34.4333,18.9633,32.03,20.5,35.6333
320,10,21.445,36.45,18.79,38.8633,23.0333,34.4333
40,0,24.79,47,22.6,49.572,26.1,43.5
100,0,22.79,44.8633,20.5,45,24.5,40
50,20,21.39,42.59,20.79,41.6567,23,42.9667
80,0,22.2,38.29,19.76,40.9333,22.89,38.045
40,0,24.8567,47.6633,24.6,46.4,26,43.518
80,0,19.7,38.4,20.6,37.1,20.1,37
50,10,21.29,39.09,18.29,43.3267,22.2,37.9333
60,0,22,41.4333,21.2,40.59,21.5667,42.59
30,0,20.5,42.245,19.6,41.79,20.9267,44.29
110,10,19.7,39.86,18.8567,40,20.26,40.7967
40,0,21.0667,42.4667,20.1,42.2,20.5,44.7
50,0,21.79,34.29,20,34.79,21.2,34.9
80,0,21.6,35.2,18.5333,38.3633,22.5333,34.5
100,0,24.6667,52.3333,23.8233,51.8267,26.7,45.09
50,0,20.5,36.2,16.79,41.56,20.39,37.145
100,0,25.3567,48.5,24.6971,46.9657,26.1487,43.585
90,0,24.7764,48.1477,24.655,45.1637,26.6423,42.7864
250,20,20.39,41.4,19.6,39.26,22.03,41.6567
50,0,22.1333,44.6267,21.1,44.9,22.8233,41.9633
80,10,20.0333,43.4333,19.1333,42.4,20.6,43.9
60,0,21.1,41.4667,18.6667,45.29,22.2,38.245
100,10,20.79,41.2,20,39.8267,21,42.4
230,0,19.7,38,17.6,39.7,21.5667,39.1267
120,0,22.5333,39.9667,20.89,41.4333,22.1667,38.5
20,0,23,41.09,21.0125,42.1313,24.7,39.73
50,0,24.0333,44.86,22.39,45.29,26.7,40.245
280,10,22.2,44.6,19.7,48.6,24.345,40.7225
60,0,24.4945,52.4821,23.5937,51.6747,27.2679,46.2245
50,0,19.6,41.1267,18.2,41.59,19.7,40.7
50,0,19.6,41.3267,17.79,42.2,20.2,40.6267
50,0,22.5667,42.29,21.79,41.09,23.1,42.73
90,0,23.1,34.7,21.26,35,22.79,35
50,0,20.7,37.5,18.79,38.2,21,38.9
60,10,24.4633,38.9667,27.1667,33.73,26.1,37.03
60,10,21.29,34.9,19.8233,35.79,20.2,36.134
50,0,18.79,38.9,17.5,39.4,19,39.29
50,0,25.29,48.7,24.272,48.178,26.1,45.09
260,10,22.7,37.4333,23.1,33.3333,22.89,35.8633
50,0,21.26,37.4667,19.39,37.3633,20.79,38.59
90,0,22.8567,36.7967,23.1,34.03,27.1333,37.99
40,0,20.7,37.2,17.6,41.23,21.6,35.5
60,0,21.1,35.53,20.6,33.9667,20.29,36.1633
130,0,22.2,44.89,20.23,46.36,23.9633,40.4667
50,0,20.1333,39.4,18.76,39.09,19.73,40.09
140,20,22.89,35.3333,20.39,36.695,21.89,35.3633
50,0,20.79,43.4,18.89,46.4,21.6,39.9333
50,0,23.0333,38.9967,21.1,39,25.1,35.23
50,0,21,37.5,17.7,40.59,20.8567,37.76
60,0,21.7,39.09,22.3233,36.5,22.2,37.06
500,0,22.5,40.79,20.245,43.495,24.5333,38.2667
60,0,20.1,35.09,16.39,40.09,20.1,37
40,0,20.4267,40.5667,18.79,40.29,20.29,40.5
90,30,22.6333,38.8633,20.79,40.3633,22.29,38.23
100,0,19.89,38.29,18.125,37.645,20.1,36.76
70,0,22.6,39.4633,22.0333,39.3333,22.6,38.5
50,0,20.6,43.9,19.79,43.4667,20.6,44.29
50,0,19.2,43.8633,18.5,43.9,19.89,45
100,10,23.2,43.6333,22.7,42.6567,21.89,44.8633
60,0,21.4175,43.9,23.8567,38.7,21.89,40.7
90,10,22.7,37.9333,20.39,35.5,21.73,34.0667
50,0,25.1,35.4333,25.76,30.7,26.29,37.178
60,0,24.73,44.9,22.4267,46.09,25.89,42.5
600,0,23.1527,51.8259,25.1,44.3438,25.9415,45.121
110,10,21.3567,40.5,19.8567,40.49,20.79,41.4
40,0,21.4633,43.26,20.1,43.7,21.89,42.054
40,0,22.76,41.4,21.1,42.5,23.5,39.7
120,0,21.5,40.6667,20.23,39.6633,21.7,37.8633
40,0,21.29,43.3267,20.39,43.1633,21.7,43.73
50,0,21.2,44.9667,19.7,45.1267,21.8567,43.2
130,0,21.89,38.9633,20.7,36.86,22.5,36.3633
40,0,21.39,45.26,20.6,44.7,22.4328,44.9389
60,0,24.89,47.79,25.1,45.4,26.6,42
60,0,19.5,36.7,16.89,39.79,19.8233,36.9333
90,0,22.5,40.9,22.7,38.5,23.1,38.6633
100,0,22.6,36.4667,24.0233,34.3933,23.7,35.7
40,0,18.79,44.3633,18.1,43.79,19.5,44
70,0,22,44.7,19.7,48.79,25.1667,40.59
50,0,21.29,38.26,19.29,38.7,21,39.4333
80,0,20,47.2267,19.6,45.29,20.0333,45.3267
90,0,23.1,34.76,21.2,35.26,22.76,34.9
120,0,22.2,36,20,36.56,22.6,34.2
100,20,23.6,37.29,22,37.3971,24.236,36.09
550,10,18.7,43.4333,18.39,42.09,19.26,42.5267
60,0,21.8233,38.29,21.4878,37.4889,20.73,39.93
50,0,20.79,36.7,18.79,38.245,21,38.79
80,0,21.3567,34.09,20.05,34.29,20.79,35
60,0,24.34,39.45,22.6333,39.8267,25.79,36.79
40,0,20.6,35.2,17.29,39.59,20.39,36.9667
110,0,23.5,34.6567,22.6571,32.5514,24.18,34.054
50,0,19.8567,36.26,17.89,37.5267,20.1,38.2129
120,0,24.5,37,23.7,34.4,24.84,36.45
60,0,24.0667,43.59,21.89,46.2,25.1,40.53
50,10,19.84,57.395,18.9633,49.6667,20.29,44.4567
120,20,21,36.6633,18.4633,39.9,20.2,37.4
40,0,18.2,42.4333,17.39,41.9,18.39,43.59
100,0,22.6,40.6333,21.3567,41.5667,23.0667,39.26
60,0,21.6,37.4267,22.73,33.1333,22.39,35.1633
100,0,24,43.1267,23.79,36.01,24.5,37
140,0,22.79,36.56,21.2,37.2667,22.89,37.3633
240,0,24.7225,52.1925,24.1,51.06,26.1,45.745
300,0,21.5,43,20.6333,41.9,22.795,41.495
50,0,18.79,37.9,16.79,40.2,20.2,38.06
110,0,22.6,56.5567,21.29,54.6567,24.89,40.1175
40,0,23.39,40.29,27,33,24.29,37.5
180,0,21.1,34.4667,21.6,32.79,21.29,34.09
40,0,20.79,37.09,20.6933,37.1633,21.89,35.09
110,0,23.1,38.96,20.8233,38.6333,23.6667,33.79
50,0,24.7,47.1933,22.6,49.4643,26.5429,44.2386
70,0,22.5333,44.86,21.6,42.7233,21.9878,44.5
90,0,21,35.29,20.2,34.4667,21.29,34.56
140,30,20.8233,38.06,18.39,41.33,20.29,37.5
50,0,23.1,45.29,21.5,46.9,24.89,42.09
190,0,21.39,44.29,21.29,42.86,22.1,39.9667
70,0,22,36.29,20.1333,37.5,22.7,34.23
40,0,23,40.79,20.9975,43.5225,24.2,38.5
110,0,24.79,37.9667,24.6667,34.5267,24.6,36.79
110,20,22.2,38.56,20.4267,39.5,22.5,37.9333
60,0,25.1,48,23.39,48.9714,26.5,45.1686
50,0,22.89,42.6633,22.23,41.23,23.39,42.6633
40,0,19.6,41.2,18.26,41.59,19.79,40.7
70,0,22.0333,43.23,21.79,41.6,21.79,43.8817
60,0,21.7,38.29,19.1,41.6633,23,38.4
30,0,19.1,42.09,18.4633,41.26,20,43.3267
30,0,21.5333,35.8633,19.6333,36.73,21.26,35.79
80,0,22.2,43.9633,20.1333,47.0267,24.5,39.06
230,0,21.89,33.7233,20.0667,32.43,23.34,36.995
60,0,24.9267,46.2233,23.1,47.86,26.4371,41.3529
20,0,19.89,45.4,19.2,44.9,20.5,44.26
70,0,22.89,31.025,22.5,28.89,22.39,35.5
30,0,20.29,36.2,16.7,41.79,20.5667,37.4
550,0,21.1,33.76,19.89,31.73,22.6633,37.5667
70,0,22.5,39.76,21.39,40.39,23,38.9633
220,0,21.39,36.29,19.34,38.79,22.79,34.2
60,0,21.55,36.545,19.89,38.26,22.79,34.1633
40,0,21,44.09,20.2,43.76,21.7,44.2
100,0,21.7,33.4267,19.9843,32.3271,20.84,35.995
90,20,21.2,36,19.39,36.9667,21.6,34.8267
40,0,19.39,46.29,18.7,46.29,19.79,45.1633
50,0,19.6,36.1567,17.5,37.56,19.87,37.816
40,0,21.79,39.4,19.39,41.9333,22.1,38.5
50,0,21.89,39.29,19.79,41.59,23.2,37.9333
30,10,21.2675,35.475,17.5,40.59,21.6,35.2
70,0,23.1,46.6633,22.4686,46.2329,24.39,41.2233
80,0,21.2,38.4333,18.29,43.29,21.89,36.79
50,10,22.1,40.53,19.29,44.5667,23.39,37.7
100,0,21.79,35.7225,21.1,35.26,25.1333,36.86
50,10,21.5,47.09,20.6,46.9667,21.7,46.6267
50,0,22.5667,44.09,20.1333,47.09,24.7,40.79
60,0,22.6,39.7,20.39,42,22.7,39.4
120,10,20.1,43.6933,18.9633,36.9,18.5667,39.6633
80,0,21,40.3267,20.89,40.05,22.1,38
50,0,20.39,39.2333,19.1,37.73,22.66,39.09
100,0,19.29,43.03,18.9267,42.1333,17.79,43.9
50,0,19.79,38.56,18.89,38.79,19.39,39.09
50,0,22.26,38.09,21.83,37.29,21.1,39.8267
590,0,19.89,37.26,18.1,38.0667,21.03,38.9
30,0,21.79,39,22.29,36.4,22.2,37
60,0,24.5,48.4,22.29,50.59,26.29,45.09
50,0,22.1,37.5,18.39,42.4667,23.29,37.5
80,0,19.89,34.6267,18.5333,35.2,19.7386,35.88
60,10,21.9633,42.9667,20.245,46.395,23.29,38.73
40,0,20.1333,37.4667,18.7,37.9333,20.4267,36.6267
60,0,21.39,39.73,24.23,33.4667,22.1,37.3633
50,0,23.39,41.5,22.2,41.2,24.39,38.9
60,0,20.79,43.29,18.89,46.4,21.6,39.9333
60,0,20.2,36.9,18.0667,39.4,22.4267,34.03
80,10,21.89,35.26,19.23,37.29,21.39,34.59
70,20,22,38.09,20.7,38.6633,21.6333,37.5
60,0,22.1333,43.59,19.9633,45.79,23.79,39.4
70,40,20.1,40.59,18.39,41.5,20.89,39.6633
70,0,21.5,45.9333,21.1667,44.73,21.715,44.59
50,0,20.89,36.29,18.1667,39.4333,22.2,36.7
100,0,22.2,36.8633,20.39,37.6267,22.0667,35.53
40,10,20.39,38,18.0667,39.76,20.89,40.29
70,0,23.2,39.29,20.89,40.7,25.5857,37.6371
70,0,21.1,35.29,17.79,39.23,22.6,35.06
50,0,25.6,39.4,23.9267,39.93,26.06,34.5
80,10,20.5333,36.29,19.1,36.1633,20.1,36.5
80,0,16.89,44.925,16.1333,44.76,17.29,42.53
50,0,20.5,44,19.7,43.79,20.5,44.29
140,0,21.8233,35.2967,22.1333,32.3633,22.29,34.2233
50,0,21.1,42,20.2,41.5,20.8233,44.4
90,0,21.1,33.09,19.4267,32.9,23.3233,35.73
50,0,21.89,43.9333,21.2,43.6267,22.1,44.9
70,0,22.39,37.2,20.29,39.09,23.5,37.9
90,0,21.2,39.5,19.6,41.1633,22,37.53
90,20,21.5667,39.1267,20.1,39.73,21.1,38.29
50,0,21.1,36.4333,18.5,39.59,20.1333,36.5
210,30,20,40.09,18.39,40.73,20.5,38.7
160,40,21.6,44.8333,20.2,44.9667,21.76,42.9
50,0,22.7,39.5,19.6667,43.9667,23.39,39.5
50,0,21.65,37.145,18.89,40.09,22.89,37.2
300,10,21,40.4333,18.39,44.2,21.89,38.09
50,0,19.39,37.03,17.1,39.7,19.79,39.06
60,0,21.89,40,18.5,45.2,23.8567,38.56
50,0,21.2,39.59,20.8233,40.0267,22,37
50,0,19.1,38.9,17.39,40.7,20.6,38.09
60,0,22.79,39.4,20.5,40.73,24.6,37.9
60,0,22.1,42.09,24.23,37.6267,23.1,38.9
60,0,20.9267,39.5,18.1,44.09,22.39,38.9
60,20,21.73,48.06,20.73,46.26,22.315,45
40,0,21.29,46.23,20.7,45.09,21.6,44.4
40,0,21.6,38.56,19.39,41.2,22.2,37.29
50,20,21.29,45.3633,20.79,44.2,20.79,45.06
100,0,20.79,36.59,18.0333,38.9233,21.6,35.26
30,0,19.7,36.4,17.7,37.09,19.934,37.656
50,0,19.29,41.4,18.2,41.4,19.5667,40.59
60,0,24.6,38,21.89,40.0643,24.29,32.23
40,0,20.29,42.4,19.39,42,20.945,44.29
60,0,21,40.2,19.39,41.7,20.5,38.5
50,0,20.2,35.7,18.1,37.7,20,37.5643
10,0,19,47.1267,18.29,46.9,19.73,45.4
50,0,21.39,45.9,20.79,43.9333,22.39,45.29
70,0,21.5333,37.9,22.8567,33,22.5,35.2
130,0,25.1333,32.3567,24.256,29.634,24.6975,33.475
40,0,18,40.1267,16.89,40.7,18.2,39.79
30,0,20,41.1633,18.1,41.9,20.23,40.9333
60,0,24.79,47.1633,22.7,49.29,26.52,44.44
290,10,20.5,36.93,19.4267,36.5267,20.46,37.8667
70,10,20,34.2667,18.39,35.3633,19.96,34.83
80,0,24.9633,32.2,27.5286,26.3186,25,36.29
70,20,22.79,43.5,22.0333,42.4333,22.1,44.2
250,10,19.6,40.79,18.8233,38.1267,20.86,39.6267
50,0,19.1,37.79,17,40,20.29,37.79
160,0,20.5333,34.4667,17.2633,39.8,21,33.9
60,0,22.9267,40.9,21.2933,43.4333,24.23,38.5
190,10,24.79,37.2633,24.89,33.5667,24.39,36.09
470,0,22.7,41.53,22.5,38.9333,23.29,39.2
70,20,20.79,37.7,18.89,39.7,22,34.7
40,0,21.5,42.59,20.89,41.59,23.1,43.09
50,0,22.5,41.6633,20.29,43.73,22.79,39.59
100,10,21.315,37.025,19.29,39.1633,21.7,37.3333
380,0,22.89,46.36,21.29,46.93,24.5967,40.63
60,0,22.2,42.2,19.9267,45.26,23.7,40.09
40,10,22.7,39.53,21,40.9333,22.2,38.4
120,0,21,35.2,20.23,33.3267,21.5,34.79
60,0,24.0675,39.4458,23.0729,38.6766,24.9169,37.8916
50,0,21.89,38.7,19.0333,42.5,22.39,38.09
60,0,21.2,35.2,18,39.09,22.7,35.09
60,0,22.29,38.99,19.29,43.6267,23.2,39.2
40,0,18,40.29,16.89,40.79,18.2,39.79
40,0,20.3567,44.3267,19.7,43.79,19.89,43.59
290,0,20.2,45.03,18.76,41.09,21.53,43.0267
160,0,24.4267,39.4,24,37.32,25.29,39.09
80,0,22.5,39.76,22.8233,37.0267,23.0667,38.2233
80,20,20.79,45.26,20,45.79,21.6,42.2
520,0,19.79,37.6633,17.5,39.26,20.39,38.4
50,20,22.1333,43.09,20.79,43.29,22,42.09
100,0,23.39,36.59,21.5,37.8633,22.79,36
50,0,22.0667,40.06,21.1,39.59,20.5,41.7
70,0,21.29,45.6633,20.79,43.2233,21.4267,43.79
50,0,20.7,35.23,18.26,36.8633,20.6,38.09
60,0,20.39,39.9,17.1333,46.2,20.8567,38.1633
60,20,21.2,39.9,18.6,43.76,22,38.29
60,0,21,34.7667,19.76,34.1633,21,35.4
70,20,21.89,35.29,19.1667,37.4,21.3567,34.6267
120,10,16.89,44.29,16.2,44.29,17.39,42.1267
40,0,22.3233,39.06,21.1,39.0667,22.7,38.23
50,0,17.29,42.8267,16.39,43,17.7,41
50,0,21.6,39.2233,24.23,32.7667,22.1667,37.2
100,10,21.1,37.43,20,37.53,20.76,36.4
360,10,23.2,38.9333,22.4633,38.76,21.26,41.79
60,0,20.79,35.09,21.4633,32.1633,21.5,35
50,0,20.4267,35.2,19.6667,34.6633,20.1,35.4
20,0,18.1,39.76,17,40.23,18.29,39.7
50,0,20.2,36,18.29,37.2,20.2,38.09
90,20,21.29,38.7233,19.2,39.73,21.6,36.7
320,0,20.89,36.79,18.4267,39.5,22.03,38.6633
190,0,20,34.79,16.73,38.7233,20.2,36.09
40,0,19,43.79,18.1,44.1633,19.7,43.6633
110,0,22.2,36,20,37,22.5667,33.9667
510,10,21.76,48.5667,21.39,43.8267,22.0429,45.8607
110,0,24,40.7,22.4267,41.7233,25,39
70,30,20.6333,36.4667,19.2,36.2,20,36.4
50,0,20.89,39.4,18.79,42.7,21.79,37.4
50,0,24.7,37.66,24,36.0667,26,36.9
60,20,21.2,39.79,18.76,43.4,22,38.06
70,0,22.5667,44.1567,21.5667,42.4667,21.9572,44.59
50,0,21.1,39.59,18.2,43.9,22.39,38.8633
50,20,24.4267,40.03,22.29,41.06,25.2,38.9667
50,10,21,44.6633,19.6333,45.1267,21.5,42.5
120,20,20.1667,46.56,18,44.2333,20.1,38.1567
110,0,21.1,47.1267,19.79,47.1567,22.5,42.79
50,0,20.89,36.5,18.89,38.0514,21,38.59
60,0,22.2,38.59,19.39,41.29,24.79,37.29
80,0,21.5,36.56,19.8567,38.4,22.79,34.2
50,0,20.5714,41.5257,19.2112,38.5112,20.55,37.8312
130,20,22.89,43.4,21.8086,44.0371,24.39,39.4333
100,0,21.7,41.36,21.6,39.03,22.2,38.5
50,0,25.1,38.06,26.9267,31.7633,26.2,38.09
50,0,20.89,43.29,19.2,44.56,21.73,42.6633
100,0,22.6,41.3,21.5,39.645,22.7,39.43
560,10,25.5,33.6,26,30.6,25.39,35.6267
40,0,21.79,38.2,19.79,40.03,22.29,37.29
130,20,21.89,38.09,20.3567,36.4,22.5,36.1633
200,0,21.2,33.5,19.79,31.9267,23.7,38.06
240,10,23.4633,45.6333,22.89,42.23,24.89,46.7333
50,0,21.5,35.59,18.2,39.4,23.4633,35.76
90,0,21.89,35.4,19.2,37.4667,22.39,33.9633
40,30,20.6,36.56,17.5,39.76,21.5,34.7
120,10,23.6667,43.9333,21.2,43.6933,25.1667,38.29
120,0,25.89,38.7,24.6,37.6333,26.9214,34.3757
70,0,21.9633,41.9,21.2,40.5,22.6,43.2
610,10,21.6333,45.1967,20.9267,38.5967,21.96,44.5667
100,10,22.39,37.79,21.89,37.09,21.2,39.59
60,0,21.5,39.5,23.3267,37.0967,22.39,36.6633
90,0,22.2,39.56,20.7,37.7,22.29,37.09
140,20,20.1333,38.2967,18.8233,36.73,19.8471,36.9929
40,0,20.39,34.5967,19.5,34.29,19.73,34.6633
50,0,21.5,39.53,19,42.5,22.29,38.9
40,0,22.1,35.9667,19.6,38.1633,21.89,35.5
60,0,21,41.4,19.1,43.79,21.6,38.56
60,20,20,38.09,17.79,39.7,20.1,38.8633
100,20,21.6,46.3267,20.7,45.4,21.6,43.8633
40,0,21.8567,42.4667,21.2,41.2,23.1,42.9333
50,0,21.5,38.26,18.79,41.6267,22.7,38.2
50,0,21.89,37.4,18.89,40.9333,22.1,36.79
30,0,20.29,35.09,16.89,39.9,20.39,37.09
70,0,22.5,39.4333,23.39,36.09,23.2,38.03
60,0,21.3567,31.5333,19.89,31.39,20.2,34.1633
90,0,23.89,47.4667,21.7,49.9,26.2,44.3267
40,0,23.79,40.09,25.8267,33.5667,24.39,37.59
80,20,22.79,32,21.3267,31.83,21.7,33.6633
40,0,21.1,43.56,19.5,44.4,21.79,42.5
120,0,20.84,37.05,19.5,37.6267,21.7,35
70,0,22.2,37.8633,20.89,37.09,23.6975,34.95
40,0,19,35.03,18.1667,35.1333,19.29,35.4333
310,20,20.7,36.79,19.3567,36.9667,20.79,37
70,10,20.6333,31.89,19.1,31.26,19.7,32.6267
60,0,24.3567,46.79,24.1667,45,25.7,42.5
60,0,19.7675,34.65,19.1,33.7667,19.3267,33.7233
90,10,22.7,41.5,20.79,42.9333,22.79,39.59
70,0,19.79,37.2,17.39,39.9333,20.5,36.79
60,0,25.29,39.59,23.29,40.76,25.89,34.536
90,0,22.39,46.03,20.26,49.26,25.2,40.1633
50,0,21.23,42.4,20.3233,41.8633,20.39,44.53
100,0,20.9633,38.76,19.29,40,21.79,37.29
330,0,20.29,44.3933,19.0333,40.93,21.8233,42.8
60,20,21.76,45.53,21.3233,43.9667,22.4022,43.51
70,0,23.0333,38.1267,26.8567,30.29,23.73,36.76
30,0,20.39,40.09,18.76,41.56,20.7,38.79
330,20,19.5333,41.29,19,40.5,19.2,42.23
50,0,20.29,38.4,17.79,41.06,20.89,37.2
50,0,19.445,37.545,17.8267,39.6333,20.2,35.8267
30,0,21.0667,34.8633,19.89,34.59,20.2,35.2
140,0,23.29,35.73,22.6,31.8233,23.29,35.73
70,0,20,47.7667,19.6,45.29,20.1,45.4
370,10,22.4267,43.39,21.956,37.92,21.3233,41.6967
680,20,18.0333,46.6633,17.3233,43.9333,19.2933,46.9
50,0,22.5,35.99,23.6,32.3333,22.89,36.09
80,0,20.2,40.7667,18.6,40.29,20.2,40.59
30,0,22.4267,35.23,19.7,36.9333,22.79,35.56
50,0,20.7,37.09,18.25,40.525,21.625,35.4
90,0,21.4267,36.36,19.2,38.36,23.3567,34.99
50,0,22.1667,40.6633,18.89,45.2,24,38.8267
50,0,24.79,47.56,24.5714,46.5957,26.0571,43.5
40,0,18.89,46.03,18.39,45.6267,19.7,44.59
90,0,23.6,34.06,22.68,32.4,24.29,34.4
40,0,19.2,46.9,18.5,46.745,19.79,45.29
130,50,22.39,45.1,21.89,43.09,21.7,45.5
20,0,17.79,42.79,17.1,42.5,18.5,43.7
110,0,22.76,45.6967,22.3233,43.6333,23.2,39.99
60,10,21.79,42.76,19.1,46.59,23,39.76
290,20,21,40.5667,19.1333,41.1267,20.89,40.3633
60,0,18.39,39.1267,17,39.03,18.6667,38.7233
180,0,21.29,43.1267,20.6,42,22.2,41.5
120,0,19.89,36.3633,18.6333,37.6933,19.89,36.2
100,0,20.79,37.3633,17.4267,41.5,21.6333,35.53
80,0,23.39,45.59,23.434,43.036,24.5,41.4
50,0,18.7,43.5,17.79,44.09,19.5,43.09
40,0,21,35.73,17.76,39.03,20.2,36.5
50,0,22.23,39.1267,19.8233,41.29,22.2,38.59
40,0,21,40.59,19.39,40.1267,20.26,40.0267
50,0,22.1,41.79,22.7,38.79,23.1,38.79
150,0,21.8233,44.5,20.5,43.2,23.1333,42.5967
60,0,23.7,42.7,21.934,43.076,24.5,39.9
50,0,19.2,38.09,17.5,39.9667,20.5857,37.5129
90,20,20.29,37.6333,18.89,36.7,19.9686,37.1529
50,0,19.79,37,16.6667,41.1633,20.39,38
110,0,23.5,46.8333,21.79,47.4,25.2,40.79
40,0,19.1,38.9,17.39,40.8267,20.6,38.09
50,0,24.2,38.09,22.6,38.5,24.7,37.9
700,0,23,44.3933,22.29,40.9667,26.1667,39.26
520,0,24.39,43.3667,25.06,37.12,27.1667,39.1267
60,0,21.39,38.5,18.29,42.26,22.39,38.9
110,10,21.7,46.6567,20.5,39.93,21,41.29
60,0,22.39,36.4,19.7,39.1267,21.79,36.26
40,0,20.1,35.09,16.5,40.1633,20.2,37
20,0,21.6,44.9,20.79,44.3267,22.3789,44.9
50,0,19.5,46.29,18.7,46.2,19.79,45.2
60,0,21.7,35,19.4267,35.4333,20.39,37
280,0,25.0333,48.3633,26.5286,40.5957,28.4967,41.9
60,0,21.9267,44.5,20.6,45.73,23,41.7
220,0,21,39.3267,19.6,38.29,22.2225,38.925
70,10,22.79,38.86,21.76,37.9333,21.5,42.03
60,0,23.5,35.5,20.2,38.612,24.2,36.736
100,0,20,37.8333,18.29,36.76,20.29,35.09
50,0,24.5333,39.2,27.6,33,26.1333,37.2
50,0,22.89,39.7,20.3471,41.79,24.89,37.7
40,0,19.23,46.8267,18.5,46.79,19.79,45.29
60,0,20.7,35,18.79,35.7,20.79,36.4
120,0,21,34.59,20.2,32.73,21.5,34.79
90,0,25.5,32.59,26,30.0667,25.2,35.9
50,0,23.2,37.09,23.6667,33.56,23.2,37.5
50,0,22,41.79,22.7,38.76,23,38.79
30,0,19.3567,41.4,18.2,41.4,19.7,40.7
110,0,23.05,50.9675,25.0333,44.2333,25.79,44.99
280,20,21.29,43.73,20.5,42.1633,23.96,43.33
90,0,22.2,42.695,21.6333,41.7,21.1,44.6633
50,0,24.1,47.79,21.8925,50.595,25.39,42.59
50,0,19.1,44.4,18.39,44.2,19.89,44.9
50,0,19.9633,35.1267,17.39,36.29,20.1,36.79
50,0,22.79,42.5,22.1333,41.2,23.29,42.7
190,20,23.26,38.3633,22.1,37.9,22.0667,41.9667
40,0,20.9633,36.79,20.3567,35.9633,21.79,35.09
60,0,22.7,37.4333,21.7,37.29,22.89,37.8633
60,0,21,37.6267,18.1,40.9667,21.29,36.59
40,0,21.89,44.53,20.39,46.1267,23,41.7
90,0,24.1,33.79,23.3233,32.0233,23.6,34.79
50,0,19.89,44.26,19.3233,43.6633,20.2,44.26
60,0,19.8567,37.5667,18.9633,35.5,20.06,36.358
50,0,22.1,39.4,19.7,42.4,23.2,39.79
140,10,21,40.5,18.39,44.2,21.79,38
80,0,22.2,41.5,22.76,38.59,23.1,38.8633
130,10,20.575,44.8975,20.29,43.7,20.1,45.2233
130,0,20.1,46.03,19.1,43.8381,19.89,44.79
50,0,23.0333,34.79,21.1333,34.8633,23,36.09
100,0,21.1667,46.4,19.5667,40.7967,21.7,35.4233
100,10,19.9633,47.03,18.8233,36.0933,18.5,39.33
50,0,20.5333,37.59,17.4267,41.73,23,36.7
210,0,21.26,35.03,19.39,33.7,22.4267,35.5
50,0,21.5,38.5,18.7,40,21.7,36.29
60,0,21.7,40.6267,19.29,43,23.1,39.09
110,10,22.73,44.1,21.79,40.46,22,43.59
90,30,22.5,43.1633,21.2,43.7,22.2257,42.4286
390,10,21.2,39.9633,20.315,39.55,20.6333,42.23
40,20,22.1,44.59,21.5667,42.79,21.77,45.4889
60,0,20.79,38.4,21.0333,34.89,21.7,36.29
70,0,21.2,43.79,20.6,42.29,21.79,45.59
140,0,20.6,39.03,19.6,38.9,20.79,40.26
50,0,20.8233,38,19.5333,39.0267,23.39,35.7
40,0,18.89,37.59,17.89,37.5,19.1,40.29
40,0,19.89,36.9333,19.2,36.4,18.6,38.2
50,0,20.39,35.4,18.79,35.56,19.956,36.834
50,0,24.2,41.6633,25.4214,36.09,26.26,37.29
100,0,22.5667,44.86,21.8567,43.73,21.5333,44.4
140,0,24.76,37.73,24.39,35.2,24.6,36.8267
50,0,18.79,42.1267,18.2,41.3633,19.79,43.29
70,0,21.6333,38.73,19.5667,40.29,23.39,36.09
150,10,20.4267,34.0667,19.39,32.6267,22.0667,37.5667
100,0,22.7,43.0267,20.2,44.43,24.29,39.3267
60,0,22.7,39.03,20.89,40.1333,22.5667,37.9667
380,10,22.39,40.6567,21.1,41.3333,23.89,36.7
50,0,21.5,37.4,18.79,40.26,22.2,37.3633
40,0,17.89,44.4667,17.1,44.79,19,42.2
50,10,21,33.59,19.6,33.9333,20.2,34.4
110,20,21.5,47.1333,20.79,44.6633,21.6,43.2
40,0,24.1,47.7,22.4633,49.3267,25.39,42.6633
70,0,21.5,35.23,18.39,38.7,22.6,34.7
90,0,17.39,37.3333,16.5,37.4333,17.79,37.2
80,0,22,42.09,19.1,46.6633,23.79,38.745
30,0,21.39,36.03,19.3567,37.2,20.9214,38.2
80,0,21.89,39.53,21.1,38.59,21,40.9633
60,0,21.89,36.4633,23.1333,31.9633,22.39,35.9667
40,0,19.7,37.2,17.39,39.79,20.1,38.9667
60,0,21.4267,39.3267,18.79,42.9667,22.5,38.4
60,0,24.1961,38.7187,23.2594,37.4052,24.894,37.463
90,0,21.39,39.09,19.0333,42.4333,22.39,37.7
50,0,20.4267,35.53,17.89,37.5,20.89,36
100,0,19.6,36.8725,18,38.59,20.1,36.06
390,20,20.39,43.2667,19.39,43.3633,20.4267,44.23
40,0,18.79,46.5,18,46.5,19.7,45
60,0,21.26,34.2,19.865,34.4475,20.2,35.296
50,0,18.39,38.5,17.29,38.4667,18.6,39.29
60,0,23.6,35,22,35.1633,23.6,35.56
20,0,18.89,44.79,18.2,44.7,20,45
20,0,22.1333,39.4,23.0667,36.59,22.29,37.9
60,0,20.8567,35.7,20.6333,33.9333,20.2,36.2
70,0,17.6,36.29,16.6,36.53,18,37.29
70,0,25.5,48.3267,24.7,47.236,26.2,45
50,0,23.6,35.4667,20.29,38.5257,24.2,36.59
50,0,20.79,43.4,19,46.4,21.6,40.09
70,0,22,40.8633,20.7,40.59,24.3233,37.86
660,0,23.76,47.6933,25.4971,42.5957,26.0333,40.6933
60,0,22.2,39.4,19.79,42.29,23.2,39.79
50,20,21.6,37.6267,18.89,39.76,21.7,36.3267
30,0,19.0667,44.4667,18.3567,44.23,20,44.9333
360,0,22.5,41.4333,22.5,39.1267,23.2,38.9
40,0,19.79,38.06,17.2,40.9333,20.6,37.1633
170,0,19,37.7,17.23,39.5,19.39,37.26
50,0,21.2,38.29,18.2,42.79,22,36.7
50,0,23.1,40.4667,26.03,34.56,24.2,37.112
130,0,21.39,43.4667,21.125,41.3725,21,42.2
50,10,20.6,37.7,17.73,40.7,20.1,38.09
90,0,20.89,40.6633,18.445,44.4,21.73,38.09
60,0,21.2,41.09,20.39,40.4,21.29,42.4667
50,0,19.4633,37.6633,17.29,40,20.1,37.29
70,0,22.0667,41.6633,21.6,41.06,23.5667,38.26
70,10,19.9267,42.86,19,42.29,20.6667,44.2233
90,20,21.79,42.53,18.89,47.4,23.745,38.645
70,0,24.79,35.1267,25.1,31.6633,24.2,36.1633
50,0,20.29,37.79,18.5,38.79,20.89,39.2
60,0,21.0667,46.06,19.89,46.6633,21.7,42.8633
190,0,20.0667,39.5,18.8567,38.56,22.23,37.9667
120,20,21.89,38.6633,20.6,36.545,22.5,36.29
110,0,21.2,39.4,19.6,41.2,22,37.59
20,0,21.1,40.2,19.5,41.76,20.6,38.29
50,0,19.7,36.79,16.7,40.7,20.29,37.5
180,30,19.1,44.7233,18.5,43.76,19.26,43.6633
80,10,21.6,45.2,19.7,47.56,22.79,41.5
40,0,19.2,38.7,18.39,38.2,18.79,39.79
50,0,21.7,38.9,18.89,41.9,22.5,38.9
50,0,19.1,47.2,18.4633,47.06,19.79,45.3633
110,0,22.1,37.1567,19.79,38.59,21.2,37.76
40,0,21,45.1633,20.29,43.6633,21.79,43.8267
40,0,17.8233,40.53,16.79,41.09,18.1,40
20,0,19.7,37,16.5,41.2,20.5667,37.9
80,0,23.6333,34.9333,23.9267,31.26,23.2,34.23
20,0,19.6,38.29,19.0667,38,18.7,39.6633
30,0,20,41.4,18.23,41.53,20,40.73
60,0,24,45,22.2,45.59,26.7,40.4
40,0,18.79,42.2,18.1333,41.5,19.79,43.26
80,0,22.5,40.2933,26.5667,29.7633,23.1,36
80,10,20.4633,35.03,19.2,34.59,20,37.9
40,0,22.4633,38.79,19.7,41.9,22.1333,37.7
60,0,23.39,38.2,24.79,34,24.89,38.23
60,0,24.79,38.7,22.1,40.98,24.6667,33
80,0,23.79,43.06,27.39,34.236,26.26,40.0667
240,10,16.79,45.29,16.1,45.29,17.29,42.7
290,0,23.7,43.6633,22.456,42.79,24.39,40
50,0,21.6,39.4667,22.5,36.7,22.1,37.29
50,0,17.5667,41.4,16.6,41.8725,17.89,40.4
400,0,20.29,40.3,18.815,39.2475,19.89,37.8267
30,0,19.5,37.59,17.3567,39.59,20.29,35.9667
90,10,19.29,40.9,18.7,40,19.2,41.9667
40,0,21.89,34.9,19.39,37.03,22.89,36.59
50,0,21.2,36.29,17.76,39.9333,22.29,36.2
150,0,21.39,45.9333,20.89,44.9333,21.6667,44.545
40,0,22.1667,42.2,19.9633,45.3267,23.7,40.09
100,0,21.5,39.6633,20.3567,39.6267,21.1,39.29
320,0,20.5667,39.9333,19.96,40.66,21.8267,40.7
50,0,21.2,35.76,19.1,37.8633,21.23,34.8267
40,0,23.7,41.53,22.5143,40.6843,24.5,38.536
50,0,19.29,41.29,18.175,41.475,19.5667,40.7
60,0,21.7,37.3633,18,42.9333,23.2,37.7
40,0,21.29,35.1267,20,35.5,19.8614,36.8843
40,0,21.0333,42.03,20.2,41.5,22.1222,44.09
60,0,22.39,41,21.5667,40.03,21.5,42.5
80,10,20.6,32.46,19.1333,32.4267,19.7,32.9667
70,0,21.4633,41.36,19.76,40.83,21.79,36.3267
50,0,19.1667,38.53,17.5,40.4,20.6,37.754
40,0,19.6667,39.06,18.2,39.2,19.79,40.4667
250,0,21.2,35.1633,19.29,33.7,22.3267,35.7
90,20,20.89,38.1933,19.6333,37.56,20.76,36.4
100,0,21,35.1267,20.0667,34.3333,21.29,34.5
50,0,19.89,42.9333,19.23,41.23,20.5,40.9333
230,0,21.2,37.4667,19.29,39.1633,23.3233,39.9667
50,0,25.1,47.5,25.4214,44.5643,26.7,42
60,0,20.7,38.7,23.4267,36.3633,22.6,34.8267
60,0,22.7,44.5,20.4267,46.9333,24.5,40.4
70,0,24.7,33.4333,25.2,30.5,24.2,36
270,0,21.23,37.0267,19,39.06,23.1633,37.56
50,0,21.175,40.1725,19.1333,41.09,21,40.56
50,0,24.1,44.73,21.7,46.79,25.89,42.2
60,20,22.39,45,21.26,44.5,21.89,44.4
50,0,20.2,38.9,18.29,40.59,21.2,39
70,0,21.76,38.9333,20.3567,37.8267,24.5667,36.86
60,0,20.89,36.9,17.79,40,21.89,36.29
70,0,21.15,40.59,20.0667,40.9667,21.1,39.79
90,0,21,37.9971,19.9088,37.2037,22.625,36.75
50,0,20.7,37.09,19.8967,38.8233,21.89,35.1633
100,0,22.39,39.2,21.29,39.3633,22.7,37.6633
60,0,22,38.2,19.2,41.4,24.6,37.29
60,0,22.6,38.3267,25.0333,32.1633,23.2,37.59
240,0,23.5,38.29,21.5714,39.9714,25.945,40.095
490,0,22.1,44.995,19.76,48.6333,24.8567,40.5667
80,10,24.6,38.29,23.89,36.8633,24.6667,37.26
80,0,23.1,38.1267,26.79,30.29,23.79,36.76
70,20,22.79,32.06,21.03,32.0967,21.7,33.6633
60,0,21.89,35.9333,18.29,40.79,21.84,35.245
130,30,19.89,46.66,17.89,42.8333,20.1,36.73
70,10,25.5,48.56,24.6,47.9657,26.2,45
50,20,19.89,38.09,19.5,37.73,18.7,39.59
100,20,20.9633,45.4333,20.3233,45.5,21.5,42.4
20,0,19.29,46.59,18.6,46.4,19.89,45.26
70,0,24.1,41.5,22.2,43.5567,24.79,39.6333
390,10,20.79,40.53,20.0333,39.4333,21.1,42.76
50,0,20.5,37.59,17.39,41.76,23,36.6633
100,10,20.945,37.815,19.29,37.9667,22.0667,36.4667
60,0,25,48.26,24,47.9,26,43.9
60,20,20.6,38.29,18.1,40.8633,21,37
40,10,20.2,39.3633,18.2,40.6633,21.1667,38.7233
430,20,22.39,42.1633,21.7,41.09,21.7,43
60,20,20.7,36.73,18.39,40.0267,21.89,34.4
90,0,24.1333,33.4333,23.7,30.7,23.6,34.4
120,20,21.89,37.7667,20.26,36.2233,22.4633,35.9667
110,10,22.5,39.23,20.9175,39.475,20.89,40.2
60,0,21.1667,43.79,20.5,42.4,21.89,45.79
100,10,20,37.29,17.6333,39.7,20.1,36.6633
40,10,20.6667,36.4,17.1,40.2,21.7,34.5
40,0,20.815,37.6175,18.815,38.9,20.79,39.09
60,0,21.39,34.26,20.39,34.2667,20.79,34.5
40,0,23,38.1267,23.0667,36.09,22.76,38.2
540,10,19.6,45,18.79,44.7,20.29,43.9
270,30,20.26,41.1333,19.5667,39.36,21.7633,41.8633
130,0,21.89,43.6333,20.6,43.03,22.6,41.59
40,10,20.3233,41.09,18.5,41.76,20.29,41.5
40,0,22.2,35.76,19.2,37.6267,22.7,35.79
40,0,19.2,43.12,18.5,41.73,19.39,43.59
100,30,20.79,39.3633,18.4267,41.06,20.26,37.93
130,0,23.0333,37.2,22.5,35.29,23.2,36.4667
80,20,20.7,43.6333,20.0667,42.79,20.5,44.2
100,20,23.5,35.09,22.5,33.9714,24.29,35.09
70,10,19.89,33.79,18.5667,34.6633,19.79,34.29
40,0,21.4267,45.23,20.6333,44.6267,22.39,44.9222
360,20,19.2,41.0267,17.9633,40.2,19.3933,41.7633
270,0,22.89,36.6633,22.7,34.4667,27.29,38.5
50,0,19.89,37.09,16.79,40.9333,20.29,37.9
100,20,21.5,41,19.79,41.0267,20.8233,41.1567
70,10,20.79,38.2,19.1,39.59,21.89,35.09
50,0,20.5667,38.09,18.4633,39.29,21.0333,39.9333
60,0,25.5,47.09,26.2,43.09,26.29,43.59
100,10,22.0667,47.7333,20.2,46.2267,22.79,39.06
40,0,19.29,44.1267,18.39,44.2,19.79,44.06
50,0,23.89,40,25.29,34.4,24.39,37.678
50,0,22,34.7,19.6,36.53,22.7,36.26
30,0,18.29,38.59,17.29,38.53,18.5333,39.2
120,0,19.79,39.1267,18.89,39.1333,19.9633,39.6267
